candidate_name,membership_type,role,membership_buy_date,payment_method,application_submission_date
Nicolas Biri,Individual Member,,2024-10-10T15:14:58.938Z,Fiat,2025-03-24T12:31:25.634Z
Philip Disarro,Individual Member,,2025-03-24T19:28:28.072Z,Fiat,2025-03-29T00:57:56.996Z
Neil Davies,Individual founding member,,2024-09-18T18:55:52.493Z,Fiat,2025-03-30T16:58:24.066Z
Matias Falcone,Individual founding member,,2024-08-12T00:41:11.672Z,Fiat,2025-03-31T06:31:53.346Z
Alex Moser,Individual founding member,,2024-05-30T18:12:16.064Z,,2025-04-04T14:18:15.901Z
Duncan Coutts,Enterprise founding member,admin,2024-08-27T12:39:44.709Z,Fiat,2025-04-04T17:31:13.035Z
Dmitry Shibaev,Enterprise Member,admin,2024-12-17T09:29:46.779Z,ADA,2025-04-09T17:00:06.457Z
Sebastian Nagel,Individual Member,,2025-04-10T20:03:49.984Z,Fiat,2025-04-10T20:49:55.074Z
Alex Nemish,Individual Member,,2024-11-20T19:29:39.579Z,Fiat,2025-04-11T11:31:30.735Z
