candidate_name,membership_type,role,membership_buy_date,payment_method,application_submission_date
BANDU Boaz,Individual founding member,,2024-07-18T17:54:57.925Z,ADA,2025-03-24T14:23:14.612Z
Gintama S,Individual founding member,,2024-07-26T17:31:52.869Z,ADA,2025-03-24T17:31:11.066Z
Maximiliano Ferri,Individual founding member,,2024-09-06T11:44:37.882Z,Fiat,2025-03-26T16:44:11.310Z
Jose Velazquez,Individual founding member,,2024-07-17T02:07:53.966Z,Fiat,2025-03-26T23:55:26.842Z
Jose Iadicicco,Individual founding member,,2024-05-31T23:45:31.578Z,,2025-03-28T19:05:43.785Z
Caleb Montiel,Individual founding member,,2024-06-28T21:54:40.748Z,ADA,2025-03-28T22:17:18.723Z
Nathan Angelo Kanapi,Individual founding member,,2024-08-07T08:46:02.367Z,Fiat,2025-03-29T04:14:39.004Z
Juliette Shelton,Individual Member,,2025-03-26T21:02:16.800Z,Fiat,2025-03-29T17:31:27.276Z
Maureen  Wepngong ,Individual Member,,2024-12-10T01:23:17.649Z,Fiat,2025-04-04T15:08:16.336Z
Fanny Wijaya,Individual founding member,,2024-09-26T11:05:54.874Z,Fiat,2025-04-05T15:24:06.168Z
Laurentine Djatsa,Enterprise Member,admin,2024-10-15T10:41:20.744Z,ADA,2025-04-07T16:58:23.855Z
Jeremiah Baani,Individual founding member,,2024-06-04T12:50:04.965Z,,2025-04-08T14:07:58.775Z
Suhail Iqbal,Individual Member,,2024-09-28T12:24:17.263Z,ADA,2025-04-09T06:51:20.374Z
nhat ha,Individual Member,,2024-12-19T08:29:55.470Z,Fiat,2025-04-09T07:27:47.341Z
Baudouin Muvunga,Individual founding member,,2024-08-28T12:34:17.695Z,,2025-04-09T09:47:00.800Z
Olivier Matabaro,Individual founding member,,2024-08-30T20:09:27.016Z,ADA,2025-04-09T16:03:54.543Z
Mauricio Prieto,Individual Member,,2025-04-09T20:30:03.044Z,ADA,2025-04-09T21:18:52.990Z
Sean Malik,Individual founding member,,2024-08-16T17:21:50.255Z,Fiat,2025-04-10T20:50:55.459Z
HOSKY TBD,Individual founding member,,2024-05-30T15:10:27.166Z,,2025-04-11T05:26:37.150Z
Benjamin Baani,Individual founding member,,2024-09-23T13:13:20.287Z,ADA,2025-04-11T10:05:39.477Z
Alexandre Maaza,Individual founding member,,2024-06-27T15:42:55.889Z,,2025-04-11T10:32:39.959Z
Shunsuke Murasaki,Individual Member,,2025-04-11T11:10:09.172Z,ADA,2025-04-11T11:59:27.925Z
