"proof__createdAt","proof__updatedAt","proof__voteId","proof__voteIdNumericHash","proof__eventId","proof__rootHash","proof__l1TransactionHash","proof__proofItemsJson","proof__invalidated","proof__absoluteSlot","drepId"
"2025-07-03T16:01:15.073+00:00","2025-07-03T16:01:15.073+00:00","b8c7889d-a0da-4039-9af9-d4a31da2c6b1","256301750","CC-Elections-2025","3d075c315bab6cffbf281ca09b8d1f47156043e8d2d12a62077eaf38d30de5e0","7bd612193d724ca2be3b4d4f98da03ce5212e11aa0e964748fd8832499651c3b","{""steps"":[{""R"":""c397f3e83674350e9501e5747ecf1f0a34fc96bdd3e4bc018986d1f2c65db175""},{""R"":""dc8ede7444ecb68a197e4d4ab3b31a1566580e2b88c9d43f90905d07e9146204""},{""L"":""41bc56def74d9ae4fa84bbe2699f2a050c7ec0ce76b0fbf775941d10f8bde4ad""},{""L"":""bf9b15e094d9d0cb728c6accbb61ff1b8149da4966d210ec37b83baafb51e1a7""},{""L"":""6784b101c19f049ab5d2a4299878246ecb51ebcc6f39d944d18d231f3c77afc2""},{""L"":""07f2e4ffd16a0f8cac27971a18979a2318ae4c009158d67657f7dc492e48ed3e""}]}","False","159992125","drep123yjzps6k4h0uqv0athzm2tayy0fp5j9zp8f8c246d2x2gx0u6f"
"2025-07-03T16:01:11.247+00:00","2025-07-03T16:01:11.247+00:00","49047830-a7d3-4816-a2fb-226992e2af17","248429912","CC-Elections-2025","3d075c315bab6cffbf281ca09b8d1f47156043e8d2d12a62077eaf38d30de5e0","7bd612193d724ca2be3b4d4f98da03ce5212e11aa0e964748fd8832499651c3b","{""steps"":[{""R"":""97e6d0a41b0c2213bf95285a8e51749f6af4296066591946b8cbf15f4614c5de""},{""R"":""ef73bf0f245606b18124f5c510276a7e7bb7d756a3b522d8982da7809fbe0f6c""},{""L"":""6e14500360237ceb97e173e5c9cb41fdc1c138cba579ebc6236479e2c3c6fbc1""},{""L"":""e8c20cc862d99e2fe84aaeaaf6cbbdb383dc680129538f84ec748e8a983076f2""},{""L"":""f73cdfb3a860a52dc1fe77af70e4d11b3ff731001c9ad0b593b80964968addce""},{""R"":""d64d0fb95256a527d1133e932dea3952c1bd8f82b00b777a6733ef0a70d2fcae""},{""R"":""d2b725787ed16ee77f619688e8aee5f31aba03d039efe97e5317972de3639c22""}]}","False","159992125","drep13uw6nhhw5ucfxyw5pp9z937jvltt922kkqvaudc207fsyvn2dft"
"2025-07-03T16:01:14.754+00:00","2025-07-03T16:01:14.754+00:00","7aac5396-936c-4a09-9d2f-ed91ca4702d2","245954268","CC-Elections-2025","3d075c315bab6cffbf281ca09b8d1f47156043e8d2d12a62077eaf38d30de5e0","7bd612193d724ca2be3b4d4f98da03ce5212e11aa0e964748fd8832499651c3b","{""steps"":[{""R"":""50fb6245dd4d49d38e3b11bb54ff8d80e4d469381eeab3d178beb11790214c69""},{""R"":""359709c1f4b68e29c54a021d6a8ac12a0b11dab8de66f96424be957202c73327""},{""L"":""70da9c6273ab16a846f306d68eeebc2940315796730b046852ec5297bf62ffb0""},{""L"":""b4acacefb810c57f2bcc3a1ea0b46627fd4edb9eb82b5065fade66919760e528""},{""R"":""5cdb7e3276f28276ddebef8f02d33f272818eeb794ccc75a22c6a30fbf59fff8""},{""L"":""6784b101c19f049ab5d2a4299878246ecb51ebcc6f39d944d18d231f3c77afc2""},{""L"":""07f2e4ffd16a0f8cac27971a18979a2318ae4c009158d67657f7dc492e48ed3e""}]}","False","159992125","drep155cz0w692c98wgf46zq4cz8sg9z8ycdat3qd39egygz6k2yawm6"
"2025-07-03T16:01:14.270+00:00","2025-07-03T16:01:14.270+00:00","0e62a0c8-ad3a-4dc2-b208-5e7b7ff72368","245862425","CC-Elections-2025","3d075c315bab6cffbf281ca09b8d1f47156043e8d2d12a62077eaf38d30de5e0","7bd612193d724ca2be3b4d4f98da03ce5212e11aa0e964748fd8832499651c3b","{""steps"":[{""L"":""1ff48b194dc681aba4047f3ad92fb59159a17d81309ce83c6a8571166d4e27cd""},{""L"":""b472dac74baddd4d869530ded59ac67189245a0756daed7afc54ea50c0feb87e""},{""L"":""004f8101235765da70506d3a2d731ff084df606dbd62086f2f013b937b7d1677""},{""L"":""058fbd55d1b0c8b030b11c27dcf946f684dd69181ba444f1372100ab2ffe5667""},{""L"":""e8eba4e7bd9b31184fb75fb263a42331548731106f7db568ecc7d53560758d32""},{""R"":""aba8f7ae297683eff72384a322db7b97bde83c38e47479a5b14fd7ced134d196""},{""L"":""07f2e4ffd16a0f8cac27971a18979a2318ae4c009158d67657f7dc492e48ed3e""}]}","False","159992125","drep13hw8d4m6pc9wfj2xmpr3xjhvl4wyhkvkqwq6qxn9atw9ssqheer"
"2025-07-03T16:01:14.943+00:00","2025-07-03T16:01:14.943+00:00","51af99a3-b6d5-471a-833a-9bf5ca05e707","239444555","CC-Elections-2025","3d075c315bab6cffbf281ca09b8d1f47156043e8d2d12a62077eaf38d30de5e0","7bd612193d724ca2be3b4d4f98da03ce5212e11aa0e964748fd8832499651c3b","{""steps"":[{""L"":""425ac797d4e39edc76838b04ba7f739d0997f7fa0f2f76c348737a460915ab86""},{""L"":""26aaca026cb6ec3763bcada2172345e3b885e6d9ba3d59afff20c7aaef97e0b4""},{""R"":""862f38556ff0c4409941e7e1473801f46ae8f141d10d996a984ca147d897a30e""},{""R"":""fc9ce7a47791a740897d1fcd9a6610e411a2e562eb71187fb8da7991b89efafd""},{""L"":""bf9b15e094d9d0cb728c6accbb61ff1b8149da4966d210ec37b83baafb51e1a7""},{""L"":""6784b101c19f049ab5d2a4299878246ecb51ebcc6f39d944d18d231f3c77afc2""},{""L"":""07f2e4ffd16a0f8cac27971a18979a2318ae4c009158d67657f7dc492e48ed3e""}]}","False","159992125","drep1zxy6uhnrwzhuvnarn7gfa0fpcysn6vcuxwsle6xxrf2vq3xvf38"
"2025-07-03T16:01:14.570+00:00","2025-07-03T16:01:14.570+00:00","a7fec940-efe5-4069-95af-82cbf38777bd","238255199","CC-Elections-2025","3d075c315bab6cffbf281ca09b8d1f47156043e8d2d12a62077eaf38d30de5e0","7bd612193d724ca2be3b4d4f98da03ce5212e11aa0e964748fd8832499651c3b","{""steps"":[{""R"":""ab7c7d2e3e985395b39d1094b29cd29ae2fffca9bc685b69efe6fe35a88c7d67""},{""R"":""dc3406dbbff3642d06d4179187294b80d3689cba39a298f86202d2c3e5b0161c""},{""L"":""b4acacefb810c57f2bcc3a1ea0b46627fd4edb9eb82b5065fade66919760e528""},{""R"":""5cdb7e3276f28276ddebef8f02d33f272818eeb794ccc75a22c6a30fbf59fff8""},{""L"":""6784b101c19f049ab5d2a4299878246ecb51ebcc6f39d944d18d231f3c77afc2""},{""L"":""07f2e4ffd16a0f8cac27971a18979a2318ae4c009158d67657f7dc492e48ed3e""}]}","False","159992125","drep12zhz3cdfh9a898mpuftxztw4j45c26tnltz72gfr4f5tv7cd4lk"
"2025-07-03T16:01:15.271+00:00","2025-07-03T16:01:15.271+00:00","6764b5e4-4647-4413-8ab6-9b9c2648b38e","232643045","CC-Elections-2025","3d075c315bab6cffbf281ca09b8d1f47156043e8d2d12a62077eaf38d30de5e0","7bd612193d724ca2be3b4d4f98da03ce5212e11aa0e964748fd8832499651c3b","{""steps"":[{""L"":""4faed2d094f733edcd80b9e5203cfd27e1769add9be6790bbf1e23aa843f2ed4""},{""R"":""20bfb45b88b4822f7e2867d125de34e1abbfb5399d16575f06f6669c820a66e4""},{""L"":""0d8decf9b6cbca06c9034a50cfc7085d0b90da89a8fdeabd0173d82fdee83597""},{""L"":""41bc56def74d9ae4fa84bbe2699f2a050c7ec0ce76b0fbf775941d10f8bde4ad""},{""L"":""bf9b15e094d9d0cb728c6accbb61ff1b8149da4966d210ec37b83baafb51e1a7""},{""L"":""6784b101c19f049ab5d2a4299878246ecb51ebcc6f39d944d18d231f3c77afc2""},{""L"":""07f2e4ffd16a0f8cac27971a18979a2318ae4c009158d67657f7dc492e48ed3e""}]}","False","159992125","drep1rmdgqugrj694apvu4m2ystnwwkpmxc8fnee5fpahlqfnq2xkmv4"
"2025-07-03T16:01:09.845+00:00","2025-07-03T16:01:09.845+00:00","b0e542c0-ca1c-42fc-8c3a-3792eb1f8050","232568830","CC-Elections-2025","3d075c315bab6cffbf281ca09b8d1f47156043e8d2d12a62077eaf38d30de5e0","7bd612193d724ca2be3b4d4f98da03ce5212e11aa0e964748fd8832499651c3b","{""steps"":[{""R"":""6db5f829c857e21f976eed0aeb1a6c2935a475875538475328d24ea68cc423e5""},{""L"":""e8072adca26cc77c7fa28f6f19d377a3ff680fe0024e93a2650cb94208bc7a16""},{""R"":""17ccdd5ec63bde89d297b1d979c28f2973faea3a14c919cdff683305e0460ba0""},{""R"":""ef0d578d7684282b7ad630ff03ba6a3e967d1efea6f4db86d336c2cc6eb3e071""},{""R"":""22985d683851528d34d99572610984d15f2b6c32023dc9da9fa9dc50e24f107e""},{""R"":""d64d0fb95256a527d1133e932dea3952c1bd8f82b00b777a6733ef0a70d2fcae""},{""R"":""d2b725787ed16ee77f619688e8aee5f31aba03d039efe97e5317972de3639c22""}]}","False","159992125","drep1mke4swvjmmhwaxct8xpuwtfqsyzlnknv7ajalul4e56ac6wlktr"
"2025-07-03T16:01:11.048+00:00","2025-07-03T16:01:11.048+00:00","cbf2b581-9f15-4d84-92d4-66761b8b1b80","230196723","CC-Elections-2025","3d075c315bab6cffbf281ca09b8d1f47156043e8d2d12a62077eaf38d30de5e0","7bd612193d724ca2be3b4d4f98da03ce5212e11aa0e964748fd8832499651c3b","{""steps"":[{""L"":""5987584cf51b6327e750ca4fb0e05f7abcbc4d05b9b475ead1c0d7962e9a0c14""},{""L"":""96cb30e7507acec35b18dcf025e5b6f94e12b734832814819ce4ce079cf517e7""},{""L"":""5221450ed5602feed5c87340a42265b41defd109388dbda31e4997d5fc542528""},{""R"":""8b9fbe28b92c296d86ecf97a088861b47a0b0b442d3fed90af07984c4971362d""},{""L"":""f73cdfb3a860a52dc1fe77af70e4d11b3ff731001c9ad0b593b80964968addce""},{""R"":""d64d0fb95256a527d1133e932dea3952c1bd8f82b00b777a6733ef0a70d2fcae""},{""R"":""d2b725787ed16ee77f619688e8aee5f31aba03d039efe97e5317972de3639c22""}]}","False","159992125","drep17h6rggykfz37srj63lkuah5rg9ed8tzwmwd2nqywl6u3yqvsasg"
"2025-07-03T16:01:12.456+00:00","2025-07-03T16:01:12.456+00:00","52f10787-de63-44ef-b021-6f0fa1045f2e","230126409","CC-Elections-2025","3d075c315bab6cffbf281ca09b8d1f47156043e8d2d12a62077eaf38d30de5e0","7bd612193d724ca2be3b4d4f98da03ce5212e11aa0e964748fd8832499651c3b","{""steps"":[{""R"":""33f4ab0b24ce2522d6ae1206b639dbc6e7349a4278cccb7d49d02985337337a9""},{""L"":""b157433aa265071ba80116d581bdde784de321e6ba4224953c1fbaddd9b55117""},{""R"":""093ec7c0f73e34d43145e1522d016e2dee885c78770e2e98028585148eb43fb7""},{""L"":""2c38d2efa6b04b9f6ed196f3a39a8bccdd1cfec905db073a2239c8d5ee1f7c84""},{""L"":""3dd3a5715ea4ac646e63256e0c704f31d565047cb285e34621b8f82de5d7799f""},{""L"":""fa9b1d3af11f402f8ab669a32129ca916e8b987f840e489bed13fe62c786ec8c""},{""R"":""d2b725787ed16ee77f619688e8aee5f31aba03d039efe97e5317972de3639c22""}]}","False","159992125","drep176sktgzd9ggczd9jtqs9xn2ql5ygddayt3c423ckh6kp7rvdm2x"
"2025-07-03T16:01:14.256+00:00","2025-07-03T16:01:14.256+00:00","ae19ad23-35a0-4489-83a3-9bffd564f434","226395745","CC-Elections-2025","3d075c315bab6cffbf281ca09b8d1f47156043e8d2d12a62077eaf38d30de5e0","7bd612193d724ca2be3b4d4f98da03ce5212e11aa0e964748fd8832499651c3b","{""steps"":[{""R"":""af0413d60e244a3e84e9d22117c4618cc8ec293cb203ae635339cc84343644f9""},{""L"":""b472dac74baddd4d869530ded59ac67189245a0756daed7afc54ea50c0feb87e""},{""L"":""004f8101235765da70506d3a2d731ff084df606dbd62086f2f013b937b7d1677""},{""L"":""058fbd55d1b0c8b030b11c27dcf946f684dd69181ba444f1372100ab2ffe5667""},{""L"":""e8eba4e7bd9b31184fb75fb263a42331548731106f7db568ecc7d53560758d32""},{""R"":""aba8f7ae297683eff72384a322db7b97bde83c38e47479a5b14fd7ced134d196""},{""L"":""07f2e4ffd16a0f8cac27971a18979a2318ae4c009158d67657f7dc492e48ed3e""}]}","False","159992125","drep1h3wz72hly530mwd07cnln59h9ztqlw3d6cl7fp30dc7n7f6zcj8"
"2025-07-03T16:01:15.179+00:00","2025-07-03T16:01:15.179+00:00","953040ef-6bb5-400a-945d-7f7147a2e08b","226139935","CC-Elections-2025","3d075c315bab6cffbf281ca09b8d1f47156043e8d2d12a62077eaf38d30de5e0","7bd612193d724ca2be3b4d4f98da03ce5212e11aa0e964748fd8832499651c3b","{""steps"":[{""R"":""ea7d92ed97f5934a5da8843555c1a033fccb0c2d2735e6834581a742cb82ca0f""},{""R"":""20bfb45b88b4822f7e2867d125de34e1abbfb5399d16575f06f6669c820a66e4""},{""L"":""0d8decf9b6cbca06c9034a50cfc7085d0b90da89a8fdeabd0173d82fdee83597""},{""L"":""41bc56def74d9ae4fa84bbe2699f2a050c7ec0ce76b0fbf775941d10f8bde4ad""},{""L"":""bf9b15e094d9d0cb728c6accbb61ff1b8149da4966d210ec37b83baafb51e1a7""},{""L"":""6784b101c19f049ab5d2a4299878246ecb51ebcc6f39d944d18d231f3c77afc2""},{""L"":""07f2e4ffd16a0f8cac27971a18979a2318ae4c009158d67657f7dc492e48ed3e""}]}","False","159992125","drep1usknc6r4asjdcm99anyetfkxgcthtgz44cr9cdzgr5ydsf46axf"
"2025-07-03T16:01:14.766+00:00","2025-07-03T16:01:14.766+00:00","e2ba6da8-a16d-4a78-8cad-a9b22202e7c9","225995179","CC-Elections-2025","3d075c315bab6cffbf281ca09b8d1f47156043e8d2d12a62077eaf38d30de5e0","7bd612193d724ca2be3b4d4f98da03ce5212e11aa0e964748fd8832499651c3b","{""steps"":[{""L"":""1ba1c6f120165d28a15ae97237aab5da0d00207c2763e41506085330c69bc194""},{""R"":""359709c1f4b68e29c54a021d6a8ac12a0b11dab8de66f96424be957202c73327""},{""L"":""70da9c6273ab16a846f306d68eeebc2940315796730b046852ec5297bf62ffb0""},{""L"":""b4acacefb810c57f2bcc3a1ea0b46627fd4edb9eb82b5065fade66919760e528""},{""R"":""5cdb7e3276f28276ddebef8f02d33f272818eeb794ccc75a22c6a30fbf59fff8""},{""L"":""6784b101c19f049ab5d2a4299878246ecb51ebcc6f39d944d18d231f3c77afc2""},{""L"":""07f2e4ffd16a0f8cac27971a18979a2318ae4c009158d67657f7dc492e48ed3e""}]}","False","159992125","drep1ju2udpph53uuaut4sy6ss46rs9595yeaqnxjsvsms5htkyup4cn"
"2025-07-03T16:01:15.348+00:00","2025-07-03T16:01:15.348+00:00","ce71e7e6-d3b8-4639-a1ed-b87a114a08ec","225317193","CC-Elections-2025","3d075c315bab6cffbf281ca09b8d1f47156043e8d2d12a62077eaf38d30de5e0","7bd612193d724ca2be3b4d4f98da03ce5212e11aa0e964748fd8832499651c3b","{""steps"":[{""R"":""aacbf5da2574864da85c3fe12773995fdfd005e23be647d051326284541267b5""},{""L"":""accfc096f17b6347adb4b20ea9ca76e1d875cb97c99db8bb9d46d845f4ef2d00""},{""L"":""0d8decf9b6cbca06c9034a50cfc7085d0b90da89a8fdeabd0173d82fdee83597""},{""L"":""41bc56def74d9ae4fa84bbe2699f2a050c7ec0ce76b0fbf775941d10f8bde4ad""},{""L"":""bf9b15e094d9d0cb728c6accbb61ff1b8149da4966d210ec37b83baafb51e1a7""},{""L"":""6784b101c19f049ab5d2a4299878246ecb51ebcc6f39d944d18d231f3c77afc2""},{""L"":""07f2e4ffd16a0f8cac27971a18979a2318ae4c009158d67657f7dc492e48ed3e""}]}","False","159992125","drep1678t8j9ufhasrflkjx6xlv2k8sy4998v5uu2vcfdh7ha2uran5p"
"2025-07-03T16:01:10.256+00:00","2025-07-03T16:01:10.256+00:00","2d95891b-6324-47fc-a97e-abb55aa94a4e","224800540","CC-Elections-2025","3d075c315bab6cffbf281ca09b8d1f47156043e8d2d12a62077eaf38d30de5e0","7bd612193d724ca2be3b4d4f98da03ce5212e11aa0e964748fd8832499651c3b","{""steps"":[{""R"":""de5b56afb8bb54e05476efc35992844257d7f2d9dca3aa8fc8814e360fb63b72""},{""R"":""799d45a370ac401f0c6d3ece56c1da7d161cedfdd1c9dde1aa0a64b57056e800""},{""L"":""6ac58d1c0090a53af413d9d4d70c82bbddea255774e3cf2a3959cbefc3365e38""},{""R"":""22985d683851528d34d99572610984d15f2b6c32023dc9da9fa9dc50e24f107e""},{""R"":""d64d0fb95256a527d1133e932dea3952c1bd8f82b00b777a6733ef0a70d2fcae""},{""R"":""d2b725787ed16ee77f619688e8aee5f31aba03d039efe97e5317972de3639c22""}]}","False","159992125","drep1fgj46n9vvfyxg3q0qlcm3a6tf0vvjv9wuhkvrtcm35c0vrtxfky"
"2025-07-03T16:01:10.271+00:00","2025-07-03T16:01:10.271+00:00","4212f93b-9f36-4b67-98b7-f0bd28a5a193","221700978","CC-Elections-2025","3d075c315bab6cffbf281ca09b8d1f47156043e8d2d12a62077eaf38d30de5e0","7bd612193d724ca2be3b4d4f98da03ce5212e11aa0e964748fd8832499651c3b","{""steps"":[{""R"":""cf2ae83019318b053c50fea990f3a8d375bd5fce02a0c4d5389469d9e7ccd349""},{""L"":""9c727e87e81b257dff485d4c9a6aa2c6428ecf76e38d87dc56cf218b8df4635c""},{""R"":""799d45a370ac401f0c6d3ece56c1da7d161cedfdd1c9dde1aa0a64b57056e800""},{""L"":""6ac58d1c0090a53af413d9d4d70c82bbddea255774e3cf2a3959cbefc3365e38""},{""R"":""22985d683851528d34d99572610984d15f2b6c32023dc9da9fa9dc50e24f107e""},{""R"":""d64d0fb95256a527d1133e932dea3952c1bd8f82b00b777a6733ef0a70d2fcae""},{""R"":""d2b725787ed16ee77f619688e8aee5f31aba03d039efe97e5317972de3639c22""}]}","False","159992125","drep1vhzjtaezsrc3f3llde8nyt9gcx6s3akmrl5hxg7xaqs9c379mvw"
"2025-07-03T16:01:10.364+00:00","2025-07-03T16:01:10.364+00:00","ac616925-7514-4f36-a7a3-05c6f21cb82f","214604794","CC-Elections-2025","3d075c315bab6cffbf281ca09b8d1f47156043e8d2d12a62077eaf38d30de5e0","7bd612193d724ca2be3b4d4f98da03ce5212e11aa0e964748fd8832499651c3b","{""steps"":[{""R"":""1f0931ee198cd8dcba195b0c0ea4a0e3772a12f96468b3523c38b26d356f4a37""},{""R"":""3286ff08ecd085838000694415ae4abfe4db2e2d3cdf7b3adc0112a5bc3733a5""},{""L"":""43e616a7a1304e1b6d7436467ae4f213e0b946ce9073332c2aabf2570c842553""},{""L"":""6ac58d1c0090a53af413d9d4d70c82bbddea255774e3cf2a3959cbefc3365e38""},{""R"":""22985d683851528d34d99572610984d15f2b6c32023dc9da9fa9dc50e24f107e""},{""R"":""d64d0fb95256a527d1133e932dea3952c1bd8f82b00b777a6733ef0a70d2fcae""},{""R"":""d2b725787ed16ee77f619688e8aee5f31aba03d039efe97e5317972de3639c22""}]}","False","159992125","drep1jk8rk0p7py52vz4jnhwjtn4nhyptnr5tcvewgpahwu7djkqu46m"
"2025-07-03T16:01:10.464+00:00","2025-07-03T16:01:10.464+00:00","fa09723f-96cd-435f-a458-ee40b454a76a","214464586","CC-Elections-2025","3d075c315bab6cffbf281ca09b8d1f47156043e8d2d12a62077eaf38d30de5e0","7bd612193d724ca2be3b4d4f98da03ce5212e11aa0e964748fd8832499651c3b","{""steps"":[{""L"":""11fb5b9ceaf58516de4dc05ea1e48e9b03d1d05d2a16b4e41ac4d113dd5da442""},{""R"":""3286ff08ecd085838000694415ae4abfe4db2e2d3cdf7b3adc0112a5bc3733a5""},{""L"":""43e616a7a1304e1b6d7436467ae4f213e0b946ce9073332c2aabf2570c842553""},{""L"":""6ac58d1c0090a53af413d9d4d70c82bbddea255774e3cf2a3959cbefc3365e38""},{""R"":""22985d683851528d34d99572610984d15f2b6c32023dc9da9fa9dc50e24f107e""},{""R"":""d64d0fb95256a527d1133e932dea3952c1bd8f82b00b777a6733ef0a70d2fcae""},{""R"":""d2b725787ed16ee77f619688e8aee5f31aba03d039efe97e5317972de3639c22""}]}","False","159992125","drep1f8evkhwa3dt68kslhy5uazpr5ukvmydklyu0dzca8fugvul9s3s"
"2025-07-03T16:01:15.059+00:00","2025-07-03T16:01:15.059+00:00","49120487-95fc-490a-9971-eb76b92643f1","213509386","CC-Elections-2025","3d075c315bab6cffbf281ca09b8d1f47156043e8d2d12a62077eaf38d30de5e0","7bd612193d724ca2be3b4d4f98da03ce5212e11aa0e964748fd8832499651c3b","{""steps"":[{""L"":""57c65d5d76ac75c4b17feeac97809cfb871c0a54656c8913e66d741450e150e1""},{""L"":""6336bc89f87c2d6fb1147572b3f4067c303f09d768eb5a46ca51dfb0a0badf0d""},{""L"":""034ad9e35306f1006a74ebd0319506766b0e32c617903b92017cb859b81d971e""},{""R"":""fc9ce7a47791a740897d1fcd9a6610e411a2e562eb71187fb8da7991b89efafd""},{""L"":""bf9b15e094d9d0cb728c6accbb61ff1b8149da4966d210ec37b83baafb51e1a7""},{""L"":""6784b101c19f049ab5d2a4299878246ecb51ebcc6f39d944d18d231f3c77afc2""},{""L"":""07f2e4ffd16a0f8cac27971a18979a2318ae4c009158d67657f7dc492e48ed3e""}]}","False","159992125","drep10fcecuw3h3na96627x0s9l2guaycss7n8g3pdqg3x39rgj4l209"
"2025-07-03T16:01:12.154+00:00","2025-07-03T16:01:12.154+00:00","82adfadf-1231-4ba5-80d7-1ee74cddb9b5","211162664","CC-Elections-2025","3d075c315bab6cffbf281ca09b8d1f47156043e8d2d12a62077eaf38d30de5e0","7bd612193d724ca2be3b4d4f98da03ce5212e11aa0e964748fd8832499651c3b","{""steps"":[{""R"":""ecef90cb4c1a32624f7608efe47c340256a807a4f375a1a54b2f3afca0a36ef3""},{""L"":""c27f4b1e949499fdd29d2b1276d20c3b05e0c1e756e4aff22f8af38b31377aa1""},{""R"":""05f49ab9dcf50f3952a5f48fbdd958fc2eec793a01bb981926217f52612feb03""},{""R"":""ab0a0e2310381f903a121f11a5f69821bf21a0caae71266d016cc5a8649f34fb""},{""L"":""3dd3a5715ea4ac646e63256e0c704f31d565047cb285e34621b8f82de5d7799f""},{""L"":""fa9b1d3af11f402f8ab669a32129ca916e8b987f840e489bed13fe62c786ec8c""},{""R"":""d2b725787ed16ee77f619688e8aee5f31aba03d039efe97e5317972de3639c22""}]}","False","159992125","drep17wflxwksrg9jg8q9xpdlm0jcaenqrgldq06de8ql2xzvzdxskhu"
"2025-07-03T16:01:14.560+00:00","2025-07-03T16:01:14.560+00:00","58acb405-e5f2-4e45-a33d-a3d5221e4e8f","209524506","CC-Elections-2025","3d075c315bab6cffbf281ca09b8d1f47156043e8d2d12a62077eaf38d30de5e0","7bd612193d724ca2be3b4d4f98da03ce5212e11aa0e964748fd8832499651c3b","{""steps"":[{""L"":""5938ad8ad1b0b4b2ee0f3feeaf7232794a143b92ebe113700c724fbffd02dee4""},{""L"":""9c2a3a997e106e178ad0ddfecb2c81b3bafeaa57612b67422684fb4026a15ce8""},{""L"":""312cf3e5ffff13201d7682a5af9a38ebfa665db7286029bd0c02bc5ae66362bb""},{""R"":""39644560bc2c3b717fce6a06fb77c1007c0772beaf9a2606e779190e1f5c7a41""},{""R"":""5cdb7e3276f28276ddebef8f02d33f272818eeb794ccc75a22c6a30fbf59fff8""},{""L"":""6784b101c19f049ab5d2a4299878246ecb51ebcc6f39d944d18d231f3c77afc2""},{""L"":""07f2e4ffd16a0f8cac27971a18979a2318ae4c009158d67657f7dc492e48ed3e""}]}","False","159992125","drep1hsy55c300sxskmq0vssqgp8uahwhcdnxxevzysmd7gzmcgzgzsu"
"2025-07-03T16:01:09.943+00:00","2025-07-03T16:01:09.943+00:00","f65b1575-2fac-4dae-b2cb-6a75a7490621","209007759","CC-Elections-2025","3d075c315bab6cffbf281ca09b8d1f47156043e8d2d12a62077eaf38d30de5e0","7bd612193d724ca2be3b4d4f98da03ce5212e11aa0e964748fd8832499651c3b","{""steps"":[{""L"":""4686eb9c71338d298130fd5df3d10acea5ab928a8c62cc1a907e0d852187820e""},{""L"":""e8072adca26cc77c7fa28f6f19d377a3ff680fe0024e93a2650cb94208bc7a16""},{""R"":""17ccdd5ec63bde89d297b1d979c28f2973faea3a14c919cdff683305e0460ba0""},{""R"":""ef0d578d7684282b7ad630ff03ba6a3e967d1efea6f4db86d336c2cc6eb3e071""},{""R"":""22985d683851528d34d99572610984d15f2b6c32023dc9da9fa9dc50e24f107e""},{""R"":""d64d0fb95256a527d1133e932dea3952c1bd8f82b00b777a6733ef0a70d2fcae""},{""R"":""d2b725787ed16ee77f619688e8aee5f31aba03d039efe97e5317972de3639c22""}]}","False","159992125","drep1t2vz3lrh2vjxcah2mwdjlcsm9l2kxmqy4lqhnm7tawltsm6rugp"
"2025-07-03T16:01:12.847+00:00","2025-07-03T16:01:12.847+00:00","d470b7ac-869e-4ed9-bfa6-af1ee13925f7","208761756","CC-Elections-2025","3d075c315bab6cffbf281ca09b8d1f47156043e8d2d12a62077eaf38d30de5e0","7bd612193d724ca2be3b4d4f98da03ce5212e11aa0e964748fd8832499651c3b","{""steps"":[{""R"":""012457a2c14765e8267f63ed8bcc3464f52f2454a52f9a0241d8809339065810""},{""L"":""eacc6ab4f79861064d5306ee5f98ec2a31f400c86db62f50d8a47462d1185d77""},{""R"":""93057c4aef8e92dc509876ba3f87187eb158ff8337bab4d732bc74448c0ce297""},{""R"":""552c9b0bfd1628da612b2c4aac8dd6be95fbb45a18aa38b03910cebb544b28a7""},{""R"":""0f08f9ac915f43064883ac51d7b87d4ae91ccf1c6f34b45bf826dcda2ab1f602""},{""R"":""aba8f7ae297683eff72384a322db7b97bde83c38e47479a5b14fd7ced134d196""},{""L"":""07f2e4ffd16a0f8cac27971a18979a2318ae4c009158d67657f7dc492e48ed3e""}]}","False","159992125","drep1xz3vmptcqz60srhcdxgr5uxrwm948zul8e0g6wewdhm3w3u5cln"
"2025-07-03T16:01:13.350+00:00","2025-07-03T16:01:13.350+00:00","73b72816-9017-44d4-b2bb-5fdb2aed41fd","200700644","CC-Elections-2025","3d075c315bab6cffbf281ca09b8d1f47156043e8d2d12a62077eaf38d30de5e0","7bd612193d724ca2be3b4d4f98da03ce5212e11aa0e964748fd8832499651c3b","{""steps"":[{""L"":""558c28488cafaabd174be00317303ad4a339d7b41611d08812166d3961b21bb6""},{""R"":""39e66edd87fb4022e284f0466846476264b5dbd36c6c716f5f5c2adb6c818937""},{""L"":""22bef19bb5b996c30537cb5bbbe8e480004d9081abc5c9ad73a9370650d3fe21""},{""L"":""709040db9f0dd6c4d465e14cfc6cb4e2c14145b7cb503579b185859fb438a918""},{""R"":""0f08f9ac915f43064883ac51d7b87d4ae91ccf1c6f34b45bf826dcda2ab1f602""},{""R"":""aba8f7ae297683eff72384a322db7b97bde83c38e47479a5b14fd7ced134d196""},{""L"":""07f2e4ffd16a0f8cac27971a18979a2318ae4c009158d67657f7dc492e48ed3e""}]}","False","159992125","drep1lrtg6qx8tend00wuxs0eg5mgwxejrcu8s5w6zyk07745xuzqf7a"
"2025-07-03T16:01:09.254+00:00","2025-07-03T16:01:09.254+00:00","680d4ef8-ce7d-4e53-b7ac-23f2fa0ba829","198675312","CC-Elections-2025","3d075c315bab6cffbf281ca09b8d1f47156043e8d2d12a62077eaf38d30de5e0","7bd612193d724ca2be3b4d4f98da03ce5212e11aa0e964748fd8832499651c3b","{""steps"":[{""R"":""b179b98ffddcb556ea7348cf8367beff5a4f99a1e0e90fcb3c807a48ba90567b""},{""R"":""17ccdd5ec63bde89d297b1d979c28f2973faea3a14c919cdff683305e0460ba0""},{""R"":""ef0d578d7684282b7ad630ff03ba6a3e967d1efea6f4db86d336c2cc6eb3e071""},{""R"":""22985d683851528d34d99572610984d15f2b6c32023dc9da9fa9dc50e24f107e""},{""R"":""d64d0fb95256a527d1133e932dea3952c1bd8f82b00b777a6733ef0a70d2fcae""},{""R"":""d2b725787ed16ee77f619688e8aee5f31aba03d039efe97e5317972de3639c22""}]}","False","159992125","drep1atwc80wgjjz2sc0qp44rud3h24kyaz8dx9xe55we876vvxnvzzr"
"2025-07-03T16:01:13.962+00:00","2025-07-03T16:01:13.962+00:00","d54dae77-5998-488c-a29f-1d7305c40615","193920413","CC-Elections-2025","3d075c315bab6cffbf281ca09b8d1f47156043e8d2d12a62077eaf38d30de5e0","7bd612193d724ca2be3b4d4f98da03ce5212e11aa0e964748fd8832499651c3b","{""steps"":[{""L"":""af1a729b2dbd829dccdb5e4f403f2cc0b85e7dbbc515ae5d5f525c8c7bb0f8e1""},{""L"":""5e95dbae4438bd1b21ba9f43db67257cd7a21f662cc089dea81fa266326348c6""},{""R"":""97ceb17f94407dec27b942085f9b9cd533d655058dd18c1194dc799177ffe068""},{""L"":""058fbd55d1b0c8b030b11c27dcf946f684dd69181ba444f1372100ab2ffe5667""},{""L"":""e8eba4e7bd9b31184fb75fb263a42331548731106f7db568ecc7d53560758d32""},{""R"":""aba8f7ae297683eff72384a322db7b97bde83c38e47479a5b14fd7ced134d196""},{""L"":""07f2e4ffd16a0f8cac27971a18979a2318ae4c009158d67657f7dc492e48ed3e""}]}","False","159992125","drep1qe2l8gw8v7ydswfp9twytxcc3wzwdq8npt55f3vnlgv2u8sx3nt"
"2025-07-03T16:01:10.859+00:00","2025-07-03T16:01:10.859+00:00","13f05717-1aaf-44a2-95aa-e82427b9d352","189540547","CC-Elections-2025","3d075c315bab6cffbf281ca09b8d1f47156043e8d2d12a62077eaf38d30de5e0","7bd612193d724ca2be3b4d4f98da03ce5212e11aa0e964748fd8832499651c3b","{""steps"":[{""R"":""4eb032d7920cfdc0d9e03f4ff44b19769473c1add29aae4b53d65d1e9a28889e""},{""L"":""5221450ed5602feed5c87340a42265b41defd109388dbda31e4997d5fc542528""},{""R"":""8b9fbe28b92c296d86ecf97a088861b47a0b0b442d3fed90af07984c4971362d""},{""L"":""f73cdfb3a860a52dc1fe77af70e4d11b3ff731001c9ad0b593b80964968addce""},{""R"":""d64d0fb95256a527d1133e932dea3952c1bd8f82b00b777a6733ef0a70d2fcae""},{""R"":""d2b725787ed16ee77f619688e8aee5f31aba03d039efe97e5317972de3639c22""}]}","False","159992125","drep1efj8hmm06p550extkumgsc9rs552dvlyrds20fvlsjdvy4wl890"
"2025-07-03T16:01:12.368+00:00","2025-07-03T16:01:12.368+00:00","bd26e35a-5bf8-41b4-bec3-4bbf031f2bab","184730362","CC-Elections-2025","3d075c315bab6cffbf281ca09b8d1f47156043e8d2d12a62077eaf38d30de5e0","7bd612193d724ca2be3b4d4f98da03ce5212e11aa0e964748fd8832499651c3b","{""steps"":[{""R"":""d2ad950f1e1be43e2a8a740d60c1a869f5b3261700069470f4749747f06cb5fb""},{""R"":""093ec7c0f73e34d43145e1522d016e2dee885c78770e2e98028585148eb43fb7""},{""L"":""2c38d2efa6b04b9f6ed196f3a39a8bccdd1cfec905db073a2239c8d5ee1f7c84""},{""L"":""3dd3a5715ea4ac646e63256e0c704f31d565047cb285e34621b8f82de5d7799f""},{""L"":""fa9b1d3af11f402f8ab669a32129ca916e8b987f840e489bed13fe62c786ec8c""},{""R"":""d2b725787ed16ee77f619688e8aee5f31aba03d039efe97e5317972de3639c22""}]}","False","159992125","drep1w34scjn42tdn5n30pflygwc4hk8htlwcpd9ldkyk4ftvu2dvfw8"
"2025-07-03T16:01:13.880+00:00","2025-07-03T16:01:13.880+00:00","066cc489-9551-4a92-8e87-4497c74f8084","183847432","CC-Elections-2025","3d075c315bab6cffbf281ca09b8d1f47156043e8d2d12a62077eaf38d30de5e0","7bd612193d724ca2be3b4d4f98da03ce5212e11aa0e964748fd8832499651c3b","{""steps"":[{""R"":""1a20f660a51b0d986df5ad8b33e3cde339309373a7da879b49e11bdaa12696e0""},{""L"":""5e95dbae4438bd1b21ba9f43db67257cd7a21f662cc089dea81fa266326348c6""},{""R"":""97ceb17f94407dec27b942085f9b9cd533d655058dd18c1194dc799177ffe068""},{""L"":""058fbd55d1b0c8b030b11c27dcf946f684dd69181ba444f1372100ab2ffe5667""},{""L"":""e8eba4e7bd9b31184fb75fb263a42331548731106f7db568ecc7d53560758d32""},{""R"":""aba8f7ae297683eff72384a322db7b97bde83c38e47479a5b14fd7ced134d196""},{""L"":""07f2e4ffd16a0f8cac27971a18979a2318ae4c009158d67657f7dc492e48ed3e""}]}","False","159992125","drep1wgxemjt24eg22kpfpvdgy9hr5gnavx0ccglkvzd2rv86kfgu3y5"
"2025-07-03T16:01:11.847+00:00","2025-07-03T16:01:11.847+00:00","ea65b530-7282-4d33-a572-0442172266f2","179804851","CC-Elections-2025","3d075c315bab6cffbf281ca09b8d1f47156043e8d2d12a62077eaf38d30de5e0","7bd612193d724ca2be3b4d4f98da03ce5212e11aa0e964748fd8832499651c3b","{""steps"":[{""R"":""2c38c1694696c9fa6db117e11620a41d35e957c908b12fc2ce57bfbc52998c1c""},{""L"":""e3dc6adb3e1769cc2071941864e379d18e183cc84fb34ceab9aea81789efdcbf""},{""R"":""1fe794efa7ce63f00ed3ede9d6d669e4489a7becda379a0b04dce8ac9394eef0""},{""L"":""1b1ea9ccf5a36ff03d7283ffd50a5b4374622341c6d121e953407d8aab349714""},{""R"":""1a98035222add52d5acef63da49a1d14ff59bd5d73b3ad27c62e0939239c07f7""},{""L"":""fa9b1d3af11f402f8ab669a32129ca916e8b987f840e489bed13fe62c786ec8c""},{""R"":""d2b725787ed16ee77f619688e8aee5f31aba03d039efe97e5317972de3639c22""}]}","False","159992125","drep1k2ugn98h8ly7dzzylpyrfmkqrl0pyry7zhlzjwn7uw0pulyfzk9"
"2025-07-03T16:01:10.552+00:00","2025-07-03T16:01:10.552+00:00","f2c0f905-bc36-4236-8ae9-ddcede6b3508","175395829","CC-Elections-2025","3d075c315bab6cffbf281ca09b8d1f47156043e8d2d12a62077eaf38d30de5e0","7bd612193d724ca2be3b4d4f98da03ce5212e11aa0e964748fd8832499651c3b","{""steps"":[{""R"":""785f337ca4b790487e451513aea353cb32e715086d3975b4a7609ce72b69d6a5""},{""L"":""77a9b0eba3a0931d61f29d50fb7c5e1c014d1a1b98e8f29ca15544ae34524055""},{""L"":""43e616a7a1304e1b6d7436467ae4f213e0b946ce9073332c2aabf2570c842553""},{""L"":""6ac58d1c0090a53af413d9d4d70c82bbddea255774e3cf2a3959cbefc3365e38""},{""R"":""22985d683851528d34d99572610984d15f2b6c32023dc9da9fa9dc50e24f107e""},{""R"":""d64d0fb95256a527d1133e932dea3952c1bd8f82b00b777a6733ef0a70d2fcae""},{""R"":""d2b725787ed16ee77f619688e8aee5f31aba03d039efe97e5317972de3639c22""}]}","False","159992125","drep1m56h8sqf90ql45fsr0kwd62u2z3ysfjdwslzrskumd3xv78pujj"
"2025-07-03T16:01:14.852+00:00","2025-07-03T16:01:14.852+00:00","25cd0229-404b-41eb-bf03-ca83c0a5a3cb","169880202","CC-Elections-2025","3d075c315bab6cffbf281ca09b8d1f47156043e8d2d12a62077eaf38d30de5e0","7bd612193d724ca2be3b4d4f98da03ce5212e11aa0e964748fd8832499651c3b","{""steps"":[{""R"":""a2adc3508581369ea51450483b968bbc3a22a037403cdf1326be3768bc856daf""},{""R"":""862f38556ff0c4409941e7e1473801f46ae8f141d10d996a984ca147d897a30e""},{""R"":""fc9ce7a47791a740897d1fcd9a6610e411a2e562eb71187fb8da7991b89efafd""},{""L"":""bf9b15e094d9d0cb728c6accbb61ff1b8149da4966d210ec37b83baafb51e1a7""},{""L"":""6784b101c19f049ab5d2a4299878246ecb51ebcc6f39d944d18d231f3c77afc2""},{""L"":""07f2e4ffd16a0f8cac27971a18979a2318ae4c009158d67657f7dc492e48ed3e""}]}","False","159992125","drep1xet3sscmgq2ma7d495h3yxj7uxpmfxq0ja5nspsqaus7k9ugq3t"
"2025-07-03T16:01:10.749+00:00","2025-07-03T16:01:10.749+00:00","3293057a-c597-4ffe-901d-f3ee2ef97ca0","165725642","CC-Elections-2025","3d075c315bab6cffbf281ca09b8d1f47156043e8d2d12a62077eaf38d30de5e0","7bd612193d724ca2be3b4d4f98da03ce5212e11aa0e964748fd8832499651c3b","{""steps"":[{""R"":""a7801e5eeffb8e1ead7da8160d352cd1f0d1dcc76167b73d854af47ab7eb7701""},{""L"":""d5c1a81da38a0e74a0dd090811497a12ef9b0fa7d7366e44d8818f1ec32cd89e""},{""R"":""b5dddbde76f9eba0b7a7d396ee3841ccb03eb4dea8a3708229720661532f3a15""},{""R"":""8b9fbe28b92c296d86ecf97a088861b47a0b0b442d3fed90af07984c4971362d""},{""L"":""f73cdfb3a860a52dc1fe77af70e4d11b3ff731001c9ad0b593b80964968addce""},{""R"":""d64d0fb95256a527d1133e932dea3952c1bd8f82b00b777a6733ef0a70d2fcae""},{""R"":""d2b725787ed16ee77f619688e8aee5f31aba03d039efe97e5317972de3639c22""}]}","False","159992125","drep1cntr4wgr9jmarl8ml5sexpjg6pqxqrq5x86r33txnk7lszqpvf3"
"2025-07-03T16:01:14.067+00:00","2025-07-03T16:01:14.067+00:00","3a295ad6-b9fd-4e79-a144-3aaf4b40d706","164690182","CC-Elections-2025","3d075c315bab6cffbf281ca09b8d1f47156043e8d2d12a62077eaf38d30de5e0","7bd612193d724ca2be3b4d4f98da03ce5212e11aa0e964748fd8832499651c3b","{""steps"":[{""R"":""63e2effd68ec00b46bd60787cff59d3b5ba3d715d7775dbfa6d6504a2bea71a6""},{""R"":""31518212d31eb9f05d04aedb72ff8b615750c5d72a6c808b7ebea7b0a991f3cd""},{""L"":""004f8101235765da70506d3a2d731ff084df606dbd62086f2f013b937b7d1677""},{""L"":""058fbd55d1b0c8b030b11c27dcf946f684dd69181ba444f1372100ab2ffe5667""},{""L"":""e8eba4e7bd9b31184fb75fb263a42331548731106f7db568ecc7d53560758d32""},{""R"":""aba8f7ae297683eff72384a322db7b97bde83c38e47479a5b14fd7ced134d196""},{""L"":""07f2e4ffd16a0f8cac27971a18979a2318ae4c009158d67657f7dc492e48ed3e""}]}","False","159992125","drep1m8mnpykcjfyax5mcs42whu3dt347u8aq43x45ucs6dv3ztw0lez"
"2025-07-03T16:01:12.047+00:00","2025-07-03T16:01:12.047+00:00","c34adf65-a027-43c7-8515-835fff17ac1d","158315488","CC-Elections-2025","3d075c315bab6cffbf281ca09b8d1f47156043e8d2d12a62077eaf38d30de5e0","7bd612193d724ca2be3b4d4f98da03ce5212e11aa0e964748fd8832499651c3b","{""steps"":[{""R"":""07203e41e922bea8aa0a16078844a3726d8678728d3cf25eb89bf07961d1b48e""},{""L"":""52c595bd7d3b50a3f507d7f6bd8b716c96077b94acac3395fcb67a04128f3a93""},{""L"":""17f7fbd222e6075fbf4c059d3aeedea2f5f2762caf06bf86045427cf7b42e238""},{""L"":""1b1ea9ccf5a36ff03d7283ffd50a5b4374622341c6d121e953407d8aab349714""},{""R"":""1a98035222add52d5acef63da49a1d14ff59bd5d73b3ad27c62e0939239c07f7""},{""L"":""fa9b1d3af11f402f8ab669a32129ca916e8b987f840e489bed13fe62c786ec8c""},{""R"":""d2b725787ed16ee77f619688e8aee5f31aba03d039efe97e5317972de3639c22""}]}","False","159992125","drep16v76d0z26a2wta75f4lt0mm9t6jq75ua67zqcz58vzk4jh5yuhc"
"2025-07-03T16:01:10.170+00:00","2025-07-03T16:01:10.170+00:00","9f5bb0fd-5ab3-49e2-82d3-4b637e6cd91a","156724070","CC-Elections-2025","3d075c315bab6cffbf281ca09b8d1f47156043e8d2d12a62077eaf38d30de5e0","7bd612193d724ca2be3b4d4f98da03ce5212e11aa0e964748fd8832499651c3b","{""steps"":[{""L"":""613b2e425ae746f084c86c6080522b69994cca8752eb27ec6d90ce930225b3f3""},{""L"":""6d41adbca9870a235a3c135fda074db2c2467c11a15fca205afff683ac0afe5c""},{""L"":""95bdf1b0a1569e84ba17d66f0d19b9ed354cf9488e9a74482b9c8482664ee7bd""},{""R"":""ef0d578d7684282b7ad630ff03ba6a3e967d1efea6f4db86d336c2cc6eb3e071""},{""R"":""22985d683851528d34d99572610984d15f2b6c32023dc9da9fa9dc50e24f107e""},{""R"":""d64d0fb95256a527d1133e932dea3952c1bd8f82b00b777a6733ef0a70d2fcae""},{""R"":""d2b725787ed16ee77f619688e8aee5f31aba03d039efe97e5317972de3639c22""}]}","False","159992125","drep1k3wde55ta4tzgjwzs3atre39nv0wlpz35manpgjfca7xwu7rnw2"
"2025-07-03T16:01:14.862+00:00","2025-07-03T16:01:14.862+00:00","de628405-12af-42c3-a914-f6c34cebb1c3","154304966","CC-Elections-2025","3d075c315bab6cffbf281ca09b8d1f47156043e8d2d12a62077eaf38d30de5e0","7bd612193d724ca2be3b4d4f98da03ce5212e11aa0e964748fd8832499651c3b","{""steps"":[{""R"":""6fde0cdc0c559f526324e25cfb6d983f3c70237ed202720f345e9be489366522""},{""L"":""26aaca026cb6ec3763bcada2172345e3b885e6d9ba3d59afff20c7aaef97e0b4""},{""R"":""862f38556ff0c4409941e7e1473801f46ae8f141d10d996a984ca147d897a30e""},{""R"":""fc9ce7a47791a740897d1fcd9a6610e411a2e562eb71187fb8da7991b89efafd""},{""L"":""bf9b15e094d9d0cb728c6accbb61ff1b8149da4966d210ec37b83baafb51e1a7""},{""L"":""6784b101c19f049ab5d2a4299878246ecb51ebcc6f39d944d18d231f3c77afc2""},{""L"":""07f2e4ffd16a0f8cac27971a18979a2318ae4c009158d67657f7dc492e48ed3e""}]}","False","159992125","drep1jdxaxuafcx4p4nk4qz4jt2jahds50aea9y0zx7yqrlduulw68zx"
"2025-07-03T16:01:12.163+00:00","2025-07-03T16:01:12.163+00:00","d26c22f0-3844-4cd0-bf17-f9dc3c26eb46","152665274","CC-Elections-2025","3d075c315bab6cffbf281ca09b8d1f47156043e8d2d12a62077eaf38d30de5e0","7bd612193d724ca2be3b4d4f98da03ce5212e11aa0e964748fd8832499651c3b","{""steps"":[{""L"":""08c54b611bcaab99045cd5f12143e5b1c40d5d1e8b40d5618acfcf059b62d02f""},{""L"":""c27f4b1e949499fdd29d2b1276d20c3b05e0c1e756e4aff22f8af38b31377aa1""},{""R"":""05f49ab9dcf50f3952a5f48fbdd958fc2eec793a01bb981926217f52612feb03""},{""R"":""ab0a0e2310381f903a121f11a5f69821bf21a0caae71266d016cc5a8649f34fb""},{""L"":""3dd3a5715ea4ac646e63256e0c704f31d565047cb285e34621b8f82de5d7799f""},{""L"":""fa9b1d3af11f402f8ab669a32129ca916e8b987f840e489bed13fe62c786ec8c""},{""R"":""d2b725787ed16ee77f619688e8aee5f31aba03d039efe97e5317972de3639c22""}]}","False","159992125","drep17rksqsgqx8ej3rtc3x4gjm8a44u6w3qcshfm46yc9tq4zeffuzj"
"2025-07-03T16:01:13.574+00:00","2025-07-03T16:01:13.574+00:00","9f44a54d-c59d-4b18-b60e-b9d665c4641d","152253342","CC-Elections-2025","3d075c315bab6cffbf281ca09b8d1f47156043e8d2d12a62077eaf38d30de5e0","7bd612193d724ca2be3b4d4f98da03ce5212e11aa0e964748fd8832499651c3b","{""steps"":[{""R"":""171bbae1831a4e050c05dddd25b6ab781d26fad1878bd6d935b7e51c3bdda295""},{""L"":""2b3e9c918d161ffee3627115973f89a3474f8231005475302bce76f469fb6422""},{""R"":""658b8575bd4354ab1c2c826aff1ef4971a838d58fa3d0b9ad6b44af2db7f979d""},{""R"":""3695d79b72304a5e1db3e63bed341d97413c4bb4f64bb1252d622891b1a8456c""},{""L"":""e8eba4e7bd9b31184fb75fb263a42331548731106f7db568ecc7d53560758d32""},{""R"":""aba8f7ae297683eff72384a322db7b97bde83c38e47479a5b14fd7ced134d196""},{""L"":""07f2e4ffd16a0f8cac27971a18979a2318ae4c009158d67657f7dc492e48ed3e""}]}","False","159992125","drep1quc69pf6vfe3jpuwzx4lrgznetn6a83lcpwxdevcfftf7pndqgm"
"2025-07-03T16:01:11.863+00:00","2025-07-03T16:01:11.863+00:00","f87cacb1-1b06-410c-8ae1-ffee214ce663","148370480","CC-Elections-2025","3d075c315bab6cffbf281ca09b8d1f47156043e8d2d12a62077eaf38d30de5e0","7bd612193d724ca2be3b4d4f98da03ce5212e11aa0e964748fd8832499651c3b","{""steps"":[{""L"":""d60e0178645e3d7f5e2b56fbcb6aec0384f21126309f85b617df1b13d17c8b57""},{""L"":""e3dc6adb3e1769cc2071941864e379d18e183cc84fb34ceab9aea81789efdcbf""},{""R"":""1fe794efa7ce63f00ed3ede9d6d669e4489a7becda379a0b04dce8ac9394eef0""},{""L"":""1b1ea9ccf5a36ff03d7283ffd50a5b4374622341c6d121e953407d8aab349714""},{""R"":""1a98035222add52d5acef63da49a1d14ff59bd5d73b3ad27c62e0939239c07f7""},{""L"":""fa9b1d3af11f402f8ab669a32129ca916e8b987f840e489bed13fe62c786ec8c""},{""R"":""d2b725787ed16ee77f619688e8aee5f31aba03d039efe97e5317972de3639c22""}]}","False","159992125","drep13lrngcjhwpqdv4hdzgq2j0vdctahcw7fmhzy2dq239dq5xgtv28"
"2025-07-03T16:01:09.961+00:00","2025-07-03T16:01:09.961+00:00","42eb27fd-af85-4b32-928d-3b8af76e1618","143475037","CC-Elections-2025","3d075c315bab6cffbf281ca09b8d1f47156043e8d2d12a62077eaf38d30de5e0","7bd612193d724ca2be3b4d4f98da03ce5212e11aa0e964748fd8832499651c3b","{""steps"":[{""R"":""d8e2922ecabc0bd05c6b6c2e371bcd1edf9ff8401d49f9840de01a97fd8bfc57""},{""L"":""95bdf1b0a1569e84ba17d66f0d19b9ed354cf9488e9a74482b9c8482664ee7bd""},{""R"":""ef0d578d7684282b7ad630ff03ba6a3e967d1efea6f4db86d336c2cc6eb3e071""},{""R"":""22985d683851528d34d99572610984d15f2b6c32023dc9da9fa9dc50e24f107e""},{""R"":""d64d0fb95256a527d1133e932dea3952c1bd8f82b00b777a6733ef0a70d2fcae""},{""R"":""d2b725787ed16ee77f619688e8aee5f31aba03d039efe97e5317972de3639c22""}]}","False","159992125","drep1ng2exqa5zjz8wfd87wd7kkmlmurx2ef79ddlag7lww8hvtnjzuq"
"2025-07-03T16:01:13.143+00:00","2025-07-03T16:01:13.143+00:00","4b13cef5-95b7-474d-ae6a-e70948bc485c","141698797","CC-Elections-2025","3d075c315bab6cffbf281ca09b8d1f47156043e8d2d12a62077eaf38d30de5e0","7bd612193d724ca2be3b4d4f98da03ce5212e11aa0e964748fd8832499651c3b","{""steps"":[{""L"":""dd3e453e59c962d0a829ec1228846eb2c696d36cfd9001d4264cfc4eb7475dd1""},{""L"":""bfa82c375d602ab48864e0c90c5ea7dd24ec4bf91b97b2cbaf87d9ec437fc222""},{""L"":""500af62d22285cecaee4ba50ce02d842f3dc9382c4cb4d93aed4a5bdf9c0fbb1""},{""R"":""552c9b0bfd1628da612b2c4aac8dd6be95fbb45a18aa38b03910cebb544b28a7""},{""R"":""0f08f9ac915f43064883ac51d7b87d4ae91ccf1c6f34b45bf826dcda2ab1f602""},{""R"":""aba8f7ae297683eff72384a322db7b97bde83c38e47479a5b14fd7ced134d196""},{""L"":""07f2e4ffd16a0f8cac27971a18979a2318ae4c009158d67657f7dc492e48ed3e""}]}","False","159992125","drep17r90fhh5r7vcx2dxsyj06dtfc5jph8l9k7f0zdqf7z002zj2ckn"
"2025-07-03T16:01:13.773+00:00","2025-07-03T16:01:13.773+00:00","af028278-8cd5-42dc-bdad-a0112615d197","141537570","CC-Elections-2025","3d075c315bab6cffbf281ca09b8d1f47156043e8d2d12a62077eaf38d30de5e0","7bd612193d724ca2be3b4d4f98da03ce5212e11aa0e964748fd8832499651c3b","{""steps"":[{""R"":""e1e819f44b0b7766cd67a8d6b68b9dfd276b9ea5d16406c99c0c161a32fab557""},{""L"":""f879a047d6415497751f1c2a9b4e9b71b6cd6fac4992ff02d768de1aae388d03""},{""L"":""c84fe2b8003b6c5bf3261480f0ce72788925c2b223655cecb25ae5fb57b3e807""},{""R"":""3695d79b72304a5e1db3e63bed341d97413c4bb4f64bb1252d622891b1a8456c""},{""L"":""e8eba4e7bd9b31184fb75fb263a42331548731106f7db568ecc7d53560758d32""},{""R"":""aba8f7ae297683eff72384a322db7b97bde83c38e47479a5b14fd7ced134d196""},{""L"":""07f2e4ffd16a0f8cac27971a18979a2318ae4c009158d67657f7dc492e48ed3e""}]}","False","159992125","drep17pxh60vrch90fhqnj578064jka7hpuq6axx52g2qygjp7l0cyjd"
"2025-07-03T16:01:14.461+00:00","2025-07-03T16:01:14.461+00:00","7cf3d694-c660-47a6-8b8f-f88a09757829","141103505","CC-Elections-2025","3d075c315bab6cffbf281ca09b8d1f47156043e8d2d12a62077eaf38d30de5e0","7bd612193d724ca2be3b4d4f98da03ce5212e11aa0e964748fd8832499651c3b","{""steps"":[{""R"":""cb5941969e43cc6436f33e3181808680072396613a8f1a5fc8703893fa2c8bb7""},{""L"":""312cf3e5ffff13201d7682a5af9a38ebfa665db7286029bd0c02bc5ae66362bb""},{""R"":""39644560bc2c3b717fce6a06fb77c1007c0772beaf9a2606e779190e1f5c7a41""},{""R"":""5cdb7e3276f28276ddebef8f02d33f272818eeb794ccc75a22c6a30fbf59fff8""},{""L"":""6784b101c19f049ab5d2a4299878246ecb51ebcc6f39d944d18d231f3c77afc2""},{""L"":""07f2e4ffd16a0f8cac27971a18979a2318ae4c009158d67657f7dc492e48ed3e""}]}","False","159992125","drep13ws3rjsec7yp858an0h73l4aeeekr77hwz3yd6suwmyr2fzlapq"
"2025-07-03T16:01:11.148+00:00","2025-07-03T16:01:11.148+00:00","a12e9925-b139-4ed1-bf3c-a83cc77e8a2a","139851234","CC-Elections-2025","3d075c315bab6cffbf281ca09b8d1f47156043e8d2d12a62077eaf38d30de5e0","7bd612193d724ca2be3b4d4f98da03ce5212e11aa0e964748fd8832499651c3b","{""steps"":[{""R"":""fce169ff4e8601c4dca5294f646fa71650d121f41d49b21292555e3f7642f498""},{""L"":""8c82fdba99698d00122cc379dc064962bf9ff32e9f4425e4d7a3902838654b36""},{""R"":""9b37d450c3ad47bc9c6f8e688b09839fcfa0fcd947a7cb5c5c9a8d5e38976cfa""},{""L"":""e8c20cc862d99e2fe84aaeaaf6cbbdb383dc680129538f84ec748e8a983076f2""},{""L"":""f73cdfb3a860a52dc1fe77af70e4d11b3ff731001c9ad0b593b80964968addce""},{""R"":""d64d0fb95256a527d1133e932dea3952c1bd8f82b00b777a6733ef0a70d2fcae""},{""R"":""d2b725787ed16ee77f619688e8aee5f31aba03d039efe97e5317972de3639c22""}]}","False","159992125","drep1lhkqu7uhq9532xr5558q7gh5rl54m4ezav8p5yfkgz27yrx735a"
"2025-07-03T16:01:11.551+00:00","2025-07-03T16:01:11.551+00:00","34373ff3-bf26-496b-bcdc-6fefdffda6c9","137412542","CC-Elections-2025","3d075c315bab6cffbf281ca09b8d1f47156043e8d2d12a62077eaf38d30de5e0","7bd612193d724ca2be3b4d4f98da03ce5212e11aa0e964748fd8832499651c3b","{""steps"":[{""L"":""efd7943b64fa437399327435ff1e3783ff682dc5e10b813c046a187353225fb8""},{""L"":""5c38d9ebafa1f446baba6a0c62a3433967b803074b4d5a259b41f0200c1f3338""},{""R"":""f87404b4230211ec669312cdbb1962f6a98f8c8162304230045090cc6a9753b0""},{""R"":""7f5d90ed692b9e409da2989e1fad3e77d9db180252d9ea20d04efe1f4dc45365""},{""R"":""1a98035222add52d5acef63da49a1d14ff59bd5d73b3ad27c62e0939239c07f7""},{""L"":""fa9b1d3af11f402f8ab669a32129ca916e8b987f840e489bed13fe62c786ec8c""},{""R"":""d2b725787ed16ee77f619688e8aee5f31aba03d039efe97e5317972de3639c22""}]}","False","159992125","drep1etgpm75kxaxns4umz3q6wjxpq84a28gf6pktjf94nm26vuxrmnn"
"2025-07-03T16:01:11.967+00:00","2025-07-03T16:01:11.967+00:00","7ff3ad44-4a57-4061-8508-cdb438a2346d","135140604","CC-Elections-2025","3d075c315bab6cffbf281ca09b8d1f47156043e8d2d12a62077eaf38d30de5e0","7bd612193d724ca2be3b4d4f98da03ce5212e11aa0e964748fd8832499651c3b","{""steps"":[{""L"":""76da6b3ea6caf0e27af7e111e2cd1e1a464765f359321c4e1b085b926a123c8a""},{""R"":""26a441507b1cbc42c083a1233049ec19b80e40a212b3d21ae357ea6d57b62926""},{""L"":""17f7fbd222e6075fbf4c059d3aeedea2f5f2762caf06bf86045427cf7b42e238""},{""L"":""1b1ea9ccf5a36ff03d7283ffd50a5b4374622341c6d121e953407d8aab349714""},{""R"":""1a98035222add52d5acef63da49a1d14ff59bd5d73b3ad27c62e0939239c07f7""},{""L"":""fa9b1d3af11f402f8ab669a32129ca916e8b987f840e489bed13fe62c786ec8c""},{""R"":""d2b725787ed16ee77f619688e8aee5f31aba03d039efe97e5317972de3639c22""}]}","False","159992125","drep1wfwvaduzxyg75a67m5k0u4m746ymzefqs4nsxz2mrv5dwm22ntt"
"2025-07-03T16:01:11.476+00:00","2025-07-03T16:01:11.476+00:00","71ccda29-3737-46cc-a2f2-168b23e1f326","132675912","CC-Elections-2025","3d075c315bab6cffbf281ca09b8d1f47156043e8d2d12a62077eaf38d30de5e0","7bd612193d724ca2be3b4d4f98da03ce5212e11aa0e964748fd8832499651c3b","{""steps"":[{""R"":""63a41a041e791260b90e2b9c7376b18168fd0721962787dfb37cd8846feb2207""},{""L"":""5c38d9ebafa1f446baba6a0c62a3433967b803074b4d5a259b41f0200c1f3338""},{""R"":""f87404b4230211ec669312cdbb1962f6a98f8c8162304230045090cc6a9753b0""},{""R"":""7f5d90ed692b9e409da2989e1fad3e77d9db180252d9ea20d04efe1f4dc45365""},{""R"":""1a98035222add52d5acef63da49a1d14ff59bd5d73b3ad27c62e0939239c07f7""},{""L"":""fa9b1d3af11f402f8ab669a32129ca916e8b987f840e489bed13fe62c786ec8c""},{""R"":""d2b725787ed16ee77f619688e8aee5f31aba03d039efe97e5317972de3639c22""}]}","False","159992125","drep1km69g7ksf8t5g0h9d9tkrcd2tezxelx0wtr76rv2mrkl5nzd6v3"
"2025-07-03T16:01:11.264+00:00","2025-07-03T16:01:11.264+00:00","68c5143a-a8dc-41fd-b912-55ae5eaf8e7c","128224789","CC-Elections-2025","3d075c315bab6cffbf281ca09b8d1f47156043e8d2d12a62077eaf38d30de5e0","7bd612193d724ca2be3b4d4f98da03ce5212e11aa0e964748fd8832499651c3b","{""steps"":[{""L"":""a10f36bec0793e43878c9cb25567cb9c14ac5d06a2b38faa3a2689d9e4b01d33""},{""R"":""ef73bf0f245606b18124f5c510276a7e7bb7d756a3b522d8982da7809fbe0f6c""},{""L"":""6e14500360237ceb97e173e5c9cb41fdc1c138cba579ebc6236479e2c3c6fbc1""},{""L"":""e8c20cc862d99e2fe84aaeaaf6cbbdb383dc680129538f84ec748e8a983076f2""},{""L"":""f73cdfb3a860a52dc1fe77af70e4d11b3ff731001c9ad0b593b80964968addce""},{""R"":""d64d0fb95256a527d1133e932dea3952c1bd8f82b00b777a6733ef0a70d2fcae""},{""R"":""d2b725787ed16ee77f619688e8aee5f31aba03d039efe97e5317972de3639c22""}]}","False","159992125","drep1yzzd7prdl628lwac455e0sc5wtw2fldg3f2th6jg7r5c7pvf3mk"
"2025-07-03T16:01:11.065+00:00","2025-07-03T16:01:11.065+00:00","eb9a9a7d-1810-48ec-a017-743ed4157db5","126409498","CC-Elections-2025","3d075c315bab6cffbf281ca09b8d1f47156043e8d2d12a62077eaf38d30de5e0","7bd612193d724ca2be3b4d4f98da03ce5212e11aa0e964748fd8832499651c3b","{""steps"":[{""R"":""6d0758339d8e5770221a231f63065817aa4208857522038a5078d32c49d15090""},{""R"":""9b37d450c3ad47bc9c6f8e688b09839fcfa0fcd947a7cb5c5c9a8d5e38976cfa""},{""L"":""e8c20cc862d99e2fe84aaeaaf6cbbdb383dc680129538f84ec748e8a983076f2""},{""L"":""f73cdfb3a860a52dc1fe77af70e4d11b3ff731001c9ad0b593b80964968addce""},{""R"":""d64d0fb95256a527d1133e932dea3952c1bd8f82b00b777a6733ef0a70d2fcae""},{""R"":""d2b725787ed16ee77f619688e8aee5f31aba03d039efe97e5317972de3639c22""}]}","False","159992125","drep1jnmmkfwpta0yuwjchw0gu6csh75vy62088egy9n67d0zc7sn83m"
"2025-07-03T16:01:12.565+00:00","2025-07-03T16:01:12.565+00:00","3e8badcb-4407-48f7-9588-fa30b866d85c","123914064","CC-Elections-2025","3d075c315bab6cffbf281ca09b8d1f47156043e8d2d12a62077eaf38d30de5e0","7bd612193d724ca2be3b4d4f98da03ce5212e11aa0e964748fd8832499651c3b","{""steps"":[{""L"":""a63cff6fc64831ae4a87a7155379a7624ee3dc23058c1103dd88cb3bda53baf8""},{""R"":""d773a3e9207186cfaa3849d69687a5fa0bd36f6287cb56df3204d0f1de9d5407""},{""L"":""526d25b6f1ebb14f9206ddb6d92bca793c211b2a11002432dc82e5f4d6d4f5e1""},{""L"":""2c38d2efa6b04b9f6ed196f3a39a8bccdd1cfec905db073a2239c8d5ee1f7c84""},{""L"":""3dd3a5715ea4ac646e63256e0c704f31d565047cb285e34621b8f82de5d7799f""},{""L"":""fa9b1d3af11f402f8ab669a32129ca916e8b987f840e489bed13fe62c786ec8c""},{""R"":""d2b725787ed16ee77f619688e8aee5f31aba03d039efe97e5317972de3639c22""}]}","False","159992125","drep1j4llv3mhppzqvu39xzfwj6p26rysc5fd3nqzrpefly3vx3ya34a"
"2025-07-03T16:01:11.445+00:00","2025-07-03T16:01:11.445+00:00","2968dae6-22a5-4107-92f1-f3ae3e12219c","120474067","CC-Elections-2025","3d075c315bab6cffbf281ca09b8d1f47156043e8d2d12a62077eaf38d30de5e0","7bd612193d724ca2be3b4d4f98da03ce5212e11aa0e964748fd8832499651c3b","{""steps"":[{""R"":""2591135df3b835573b669b36581ecddd0697cff3cfc61fc389268415afe6feef""},{""R"":""f87404b4230211ec669312cdbb1962f6a98f8c8162304230045090cc6a9753b0""},{""R"":""7f5d90ed692b9e409da2989e1fad3e77d9db180252d9ea20d04efe1f4dc45365""},{""R"":""1a98035222add52d5acef63da49a1d14ff59bd5d73b3ad27c62e0939239c07f7""},{""L"":""fa9b1d3af11f402f8ab669a32129ca916e8b987f840e489bed13fe62c786ec8c""},{""R"":""d2b725787ed16ee77f619688e8aee5f31aba03d039efe97e5317972de3639c22""}]}","False","159992125","drep1m7rzzk4ftvd02w872genpy6kzeyplhdyjeaw9kq3yhmzxtwnfu0"
"2025-07-03T16:01:14.809+00:00","2025-07-03T16:01:14.809+00:00","75cb6471-f334-4bba-96d4-14c6f70f4c18","119830293","CC-Elections-2025","3d075c315bab6cffbf281ca09b8d1f47156043e8d2d12a62077eaf38d30de5e0","7bd612193d724ca2be3b4d4f98da03ce5212e11aa0e964748fd8832499651c3b","{""steps"":[{""L"":""98a14f310d71481f2e09d6b65f33ac7f5726cabd6e8e0cd8df124f7d2c1d9289""},{""L"":""bbb8980f2012e9ffe9ed0214074ec9c68e3922e7911a89c6db3fa1a4673ec24e""},{""L"":""70da9c6273ab16a846f306d68eeebc2940315796730b046852ec5297bf62ffb0""},{""L"":""b4acacefb810c57f2bcc3a1ea0b46627fd4edb9eb82b5065fade66919760e528""},{""R"":""5cdb7e3276f28276ddebef8f02d33f272818eeb794ccc75a22c6a30fbf59fff8""},{""L"":""6784b101c19f049ab5d2a4299878246ecb51ebcc6f39d944d18d231f3c77afc2""},{""L"":""07f2e4ffd16a0f8cac27971a18979a2318ae4c009158d67657f7dc492e48ed3e""}]}","False","159992125","drep1jqllek6xwv8jqjk2zc0arjpmcgjayanjavhvp53kvs8wvup32em"
"2025-07-03T16:01:12.144+00:00","2025-07-03T16:01:12.144+00:00","4aab99f9-a264-4616-9554-3d6fda8c4714","118990228","CC-Elections-2025","3d075c315bab6cffbf281ca09b8d1f47156043e8d2d12a62077eaf38d30de5e0","7bd612193d724ca2be3b4d4f98da03ce5212e11aa0e964748fd8832499651c3b","{""steps"":[{""R"":""aa79cf873d2940f03cd9b383b3d45f1416bc046760c8af4ef1a8827bff8184ab""},{""R"":""05f49ab9dcf50f3952a5f48fbdd958fc2eec793a01bb981926217f52612feb03""},{""R"":""ab0a0e2310381f903a121f11a5f69821bf21a0caae71266d016cc5a8649f34fb""},{""L"":""3dd3a5715ea4ac646e63256e0c704f31d565047cb285e34621b8f82de5d7799f""},{""L"":""fa9b1d3af11f402f8ab669a32129ca916e8b987f840e489bed13fe62c786ec8c""},{""R"":""d2b725787ed16ee77f619688e8aee5f31aba03d039efe97e5317972de3639c22""}]}","False","159992125","drep1g0g4ntlgxfnanvtqaa405y3ruszqyfhx46snptktzwg8xvtce0u"
"2025-07-03T16:01:11.747+00:00","2025-07-03T16:01:11.747+00:00","47862816-bef8-4877-84cd-2dbfbb425693","116464461","CC-Elections-2025","3d075c315bab6cffbf281ca09b8d1f47156043e8d2d12a62077eaf38d30de5e0","7bd612193d724ca2be3b4d4f98da03ce5212e11aa0e964748fd8832499651c3b","{""steps"":[{""L"":""2f61eae4103d5c1ad056e768f2a05fba656047cf6839a97471653a4c441127c8""},{""L"":""53606922c65cbe4675d14dde7091e01a9629e8e5689070b5d08ec20422f527a0""},{""L"":""8fa29376c6239a276bd4ec1dd38182d3f83c96c870d35872fa5ee4df48a1c7b2""},{""R"":""7f5d90ed692b9e409da2989e1fad3e77d9db180252d9ea20d04efe1f4dc45365""},{""R"":""1a98035222add52d5acef63da49a1d14ff59bd5d73b3ad27c62e0939239c07f7""},{""L"":""fa9b1d3af11f402f8ab669a32129ca916e8b987f840e489bed13fe62c786ec8c""},{""R"":""d2b725787ed16ee77f619688e8aee5f31aba03d039efe97e5317972de3639c22""}]}","False","159992125","drep15tv59ngt58zm9ps5dtg4v7a4mqztf57l8slkzfxdw2kfk8qdtdz"
"2025-07-03T16:01:12.956+00:00","2025-07-03T16:01:12.956+00:00","73a02e19-48be-43ca-b059-faf11d93d44a","114574184","CC-Elections-2025","3d075c315bab6cffbf281ca09b8d1f47156043e8d2d12a62077eaf38d30de5e0","7bd612193d724ca2be3b4d4f98da03ce5212e11aa0e964748fd8832499651c3b","{""steps"":[{""R"":""c57c01ac918ee988c8c127205120fd8b9b4b23aff1933a8c57404084a8d103b1""},{""L"":""500af62d22285cecaee4ba50ce02d842f3dc9382c4cb4d93aed4a5bdf9c0fbb1""},{""R"":""552c9b0bfd1628da612b2c4aac8dd6be95fbb45a18aa38b03910cebb544b28a7""},{""R"":""0f08f9ac915f43064883ac51d7b87d4ae91ccf1c6f34b45bf826dcda2ab1f602""},{""R"":""aba8f7ae297683eff72384a322db7b97bde83c38e47479a5b14fd7ced134d196""},{""L"":""07f2e4ffd16a0f8cac27971a18979a2318ae4c009158d67657f7dc492e48ed3e""}]}","False","159992125","drep1at8ej9hllmfjms7c5j3xm579qrn7xcn95avesf4s2za22ukhurv"
"2025-07-03T16:01:11.357+00:00","2025-07-03T16:01:11.357+00:00","419bd305-c152-4a27-acc0-7006da862e2e","110085898","CC-Elections-2025","3d075c315bab6cffbf281ca09b8d1f47156043e8d2d12a62077eaf38d30de5e0","7bd612193d724ca2be3b4d4f98da03ce5212e11aa0e964748fd8832499651c3b","{""steps"":[{""R"":""f35933e0416a69914865b265d122c4585252c54f2602a2127ad1a1d0644a5042""},{""L"":""28143cc8923ef5faf147390828780890da03ba5be6f819c4f62a5513491da847""},{""L"":""6e14500360237ceb97e173e5c9cb41fdc1c138cba579ebc6236479e2c3c6fbc1""},{""L"":""e8c20cc862d99e2fe84aaeaaf6cbbdb383dc680129538f84ec748e8a983076f2""},{""L"":""f73cdfb3a860a52dc1fe77af70e4d11b3ff731001c9ad0b593b80964968addce""},{""R"":""d64d0fb95256a527d1133e932dea3952c1bd8f82b00b777a6733ef0a70d2fcae""},{""R"":""d2b725787ed16ee77f619688e8aee5f31aba03d039efe97e5317972de3639c22""}]}","False","159992125","drep1rdz8xlmpu5clw67fgjsn95ry7zzm74erv9dk5lg9z4c8k6fvrhm"
"2025-07-03T16:01:11.952+00:00","2025-07-03T16:01:11.952+00:00","d973da45-9f0e-479a-8f52-1d2e7f51f1b2","108949827","CC-Elections-2025","3d075c315bab6cffbf281ca09b8d1f47156043e8d2d12a62077eaf38d30de5e0","7bd612193d724ca2be3b4d4f98da03ce5212e11aa0e964748fd8832499651c3b","{""steps"":[{""R"":""6f8fa8973990dba20decfe74f2795569e5f980dbe00ebc34e0eec13494bfa69f""},{""R"":""26a441507b1cbc42c083a1233049ec19b80e40a212b3d21ae357ea6d57b62926""},{""L"":""17f7fbd222e6075fbf4c059d3aeedea2f5f2762caf06bf86045427cf7b42e238""},{""L"":""1b1ea9ccf5a36ff03d7283ffd50a5b4374622341c6d121e953407d8aab349714""},{""R"":""1a98035222add52d5acef63da49a1d14ff59bd5d73b3ad27c62e0939239c07f7""},{""L"":""fa9b1d3af11f402f8ab669a32129ca916e8b987f840e489bed13fe62c786ec8c""},{""R"":""d2b725787ed16ee77f619688e8aee5f31aba03d039efe97e5317972de3639c22""}]}","False","159992125","drep1vlx2m8ymj0eug8g9w0n869r3mtn5k66avkjce2w2qrzx6hx8jje"
"2025-07-03T16:01:15.043+00:00","2025-07-03T16:01:15.043+00:00","beb37342-c4dc-4499-ad90-f7f671b597c0","105535469","CC-Elections-2025","3d075c315bab6cffbf281ca09b8d1f47156043e8d2d12a62077eaf38d30de5e0","7bd612193d724ca2be3b4d4f98da03ce5212e11aa0e964748fd8832499651c3b","{""steps"":[{""R"":""97cdc62eb30ea15c639120eb5bd0d2d62360ac2c01e3bc3efce7d060898cb12b""},{""L"":""6336bc89f87c2d6fb1147572b3f4067c303f09d768eb5a46ca51dfb0a0badf0d""},{""L"":""034ad9e35306f1006a74ebd0319506766b0e32c617903b92017cb859b81d971e""},{""R"":""fc9ce7a47791a740897d1fcd9a6610e411a2e562eb71187fb8da7991b89efafd""},{""L"":""bf9b15e094d9d0cb728c6accbb61ff1b8149da4966d210ec37b83baafb51e1a7""},{""L"":""6784b101c19f049ab5d2a4299878246ecb51ebcc6f39d944d18d231f3c77afc2""},{""L"":""07f2e4ffd16a0f8cac27971a18979a2318ae4c009158d67657f7dc492e48ed3e""}]}","False","159992125","drep16f203ahsan44w8xh65myl2j4k0pf8y9dsqkracyqtvwhy74judz"
"2025-07-03T16:01:14.471+00:00","2025-07-03T16:01:14.471+00:00","118db659-1bf1-4261-a118-21294e9bd2ea","100599803","CC-Elections-2025","3d075c315bab6cffbf281ca09b8d1f47156043e8d2d12a62077eaf38d30de5e0","7bd612193d724ca2be3b4d4f98da03ce5212e11aa0e964748fd8832499651c3b","{""steps"":[{""R"":""70ba0298276c100d52d680ab81f4405f4db7a46b85dd0d58b5e9c428c878f659""},{""L"":""9c2a3a997e106e178ad0ddfecb2c81b3bafeaa57612b67422684fb4026a15ce8""},{""L"":""312cf3e5ffff13201d7682a5af9a38ebfa665db7286029bd0c02bc5ae66362bb""},{""R"":""39644560bc2c3b717fce6a06fb77c1007c0772beaf9a2606e779190e1f5c7a41""},{""R"":""5cdb7e3276f28276ddebef8f02d33f272818eeb794ccc75a22c6a30fbf59fff8""},{""L"":""6784b101c19f049ab5d2a4299878246ecb51ebcc6f39d944d18d231f3c77afc2""},{""L"":""07f2e4ffd16a0f8cac27971a18979a2318ae4c009158d67657f7dc492e48ed3e""}]}","False","159992125","drep13ws367l38k0m5xuxt5agzjmgaz8r6gqjcp03z6lct8s3xayyplj"
"2025-07-03T16:01:12.673+00:00","2025-07-03T16:01:12.673+00:00","6def351e-c266-4ae8-8f78-ebfe751eb01d","99558421","CC-Elections-2025","3d075c315bab6cffbf281ca09b8d1f47156043e8d2d12a62077eaf38d30de5e0","7bd612193d724ca2be3b4d4f98da03ce5212e11aa0e964748fd8832499651c3b","{""steps"":[{""L"":""11d1b6dc67bd05e2988bbf9059ec9c97047b7009b438bc5985cad1c2a68db688""},{""L"":""bc6fe6957a831576d25fbdde9dea552de45e020d64c09726d04513bdd3693e9c""},{""L"":""526d25b6f1ebb14f9206ddb6d92bca793c211b2a11002432dc82e5f4d6d4f5e1""},{""L"":""2c38d2efa6b04b9f6ed196f3a39a8bccdd1cfec905db073a2239c8d5ee1f7c84""},{""L"":""3dd3a5715ea4ac646e63256e0c704f31d565047cb285e34621b8f82de5d7799f""},{""L"":""fa9b1d3af11f402f8ab669a32129ca916e8b987f840e489bed13fe62c786ec8c""},{""R"":""d2b725787ed16ee77f619688e8aee5f31aba03d039efe97e5317972de3639c22""}]}","False","159992125","drep1ccxqz9g9udymkt23vch2akfukwupx0e9mwv7rw9de4prczd7hhn"
"2025-07-03T16:01:10.351+00:00","2025-07-03T16:01:10.351+00:00","bc9f254e-cfa8-44a2-bd2c-ae48cbfb5b4e","98604266","CC-Elections-2025","3d075c315bab6cffbf281ca09b8d1f47156043e8d2d12a62077eaf38d30de5e0","7bd612193d724ca2be3b4d4f98da03ce5212e11aa0e964748fd8832499651c3b","{""steps"":[{""L"":""28e24840aac0239326f080652a798e4e28a715a8341ffe0d1fc6c20465184403""},{""L"":""9c727e87e81b257dff485d4c9a6aa2c6428ecf76e38d87dc56cf218b8df4635c""},{""R"":""799d45a370ac401f0c6d3ece56c1da7d161cedfdd1c9dde1aa0a64b57056e800""},{""L"":""6ac58d1c0090a53af413d9d4d70c82bbddea255774e3cf2a3959cbefc3365e38""},{""R"":""22985d683851528d34d99572610984d15f2b6c32023dc9da9fa9dc50e24f107e""},{""R"":""d64d0fb95256a527d1133e932dea3952c1bd8f82b00b777a6733ef0a70d2fcae""},{""R"":""d2b725787ed16ee77f619688e8aee5f31aba03d039efe97e5317972de3639c22""}]}","False","159992125","drep17elhnlgrtesye6vteywxytju8daptqz989vh83kcdlawwm6pteq"
"2025-07-03T16:01:12.861+00:00","2025-07-03T16:01:12.861+00:00","79e9f4e7-3613-4d76-8531-16492f1d339e","97950790","CC-Elections-2025","3d075c315bab6cffbf281ca09b8d1f47156043e8d2d12a62077eaf38d30de5e0","7bd612193d724ca2be3b4d4f98da03ce5212e11aa0e964748fd8832499651c3b","{""steps"":[{""L"":""451c6190e279f3a1f05a68ef38ac67037f192e18bb27932e29a2914aa467a465""},{""L"":""eacc6ab4f79861064d5306ee5f98ec2a31f400c86db62f50d8a47462d1185d77""},{""R"":""93057c4aef8e92dc509876ba3f87187eb158ff8337bab4d732bc74448c0ce297""},{""R"":""552c9b0bfd1628da612b2c4aac8dd6be95fbb45a18aa38b03910cebb544b28a7""},{""R"":""0f08f9ac915f43064883ac51d7b87d4ae91ccf1c6f34b45bf826dcda2ab1f602""},{""R"":""aba8f7ae297683eff72384a322db7b97bde83c38e47479a5b14fd7ced134d196""},{""L"":""07f2e4ffd16a0f8cac27971a18979a2318ae4c009158d67657f7dc492e48ed3e""}]}","False","159992125","drep1e6cuc37dxye87epzzmcfqs6t32s6ev924jp6aga77jmmvf9va2t"
"2025-07-03T16:01:12.346+00:00","2025-07-03T16:01:12.346+00:00","258473cf-24c4-4c5d-bed5-43d24a380c61","95252513","CC-Elections-2025","3d075c315bab6cffbf281ca09b8d1f47156043e8d2d12a62077eaf38d30de5e0","7bd612193d724ca2be3b4d4f98da03ce5212e11aa0e964748fd8832499651c3b","{""steps"":[{""R"":""e4ce8477a9a28c00385ef3835fb7db6caa56c84f3ca3ce05a3053274ce7744ab""},{""L"":""eccdda35498424f3ed20c11bdee374d75e75db0722d177af9f305abe496db3b0""},{""L"":""6847e6f852fae56d2ca44c473563e171fc379222647a20698bbc7310de02ded0""},{""R"":""ab0a0e2310381f903a121f11a5f69821bf21a0caae71266d016cc5a8649f34fb""},{""L"":""3dd3a5715ea4ac646e63256e0c704f31d565047cb285e34621b8f82de5d7799f""},{""L"":""fa9b1d3af11f402f8ab669a32129ca916e8b987f840e489bed13fe62c786ec8c""},{""R"":""d2b725787ed16ee77f619688e8aee5f31aba03d039efe97e5317972de3639c22""}]}","False","159992125","drep1asj4l0kevmyqegyezfrjky0jdjdkee0sruxxu2cj5c0uvmucfcj"
"2025-07-03T16:01:12.660+00:00","2025-07-03T16:01:12.660+00:00","8fdfc867-f420-4e65-ae0b-bc3e3063fb57","93831531","CC-Elections-2025","3d075c315bab6cffbf281ca09b8d1f47156043e8d2d12a62077eaf38d30de5e0","7bd612193d724ca2be3b4d4f98da03ce5212e11aa0e964748fd8832499651c3b","{""steps"":[{""R"":""b3cdfe7120b225d7464904266982bbc8d61b95f53f28df77240e2e4b5022d791""},{""L"":""bc6fe6957a831576d25fbdde9dea552de45e020d64c09726d04513bdd3693e9c""},{""L"":""526d25b6f1ebb14f9206ddb6d92bca793c211b2a11002432dc82e5f4d6d4f5e1""},{""L"":""2c38d2efa6b04b9f6ed196f3a39a8bccdd1cfec905db073a2239c8d5ee1f7c84""},{""L"":""3dd3a5715ea4ac646e63256e0c704f31d565047cb285e34621b8f82de5d7799f""},{""L"":""fa9b1d3af11f402f8ab669a32129ca916e8b987f840e489bed13fe62c786ec8c""},{""R"":""d2b725787ed16ee77f619688e8aee5f31aba03d039efe97e5317972de3639c22""}]}","False","159992125","drep1zekyxrq5auz5c8gf0p6zehtmfnl7s9q4uqq8m4wkvm4e764u3yw"
"2025-07-03T16:01:15.369+00:00","2025-07-03T16:01:15.369+00:00","345c5c70-1c7b-42ec-985f-94f21513592b","90952517","CC-Elections-2025","3d075c315bab6cffbf281ca09b8d1f47156043e8d2d12a62077eaf38d30de5e0","7bd612193d724ca2be3b4d4f98da03ce5212e11aa0e964748fd8832499651c3b","{""steps"":[{""L"":""0887fdd3597b743e2f9ffe7c302d455781c93402ed82b9a39d3dccaa90bb3e67""},{""L"":""accfc096f17b6347adb4b20ea9ca76e1d875cb97c99db8bb9d46d845f4ef2d00""},{""L"":""0d8decf9b6cbca06c9034a50cfc7085d0b90da89a8fdeabd0173d82fdee83597""},{""L"":""41bc56def74d9ae4fa84bbe2699f2a050c7ec0ce76b0fbf775941d10f8bde4ad""},{""L"":""bf9b15e094d9d0cb728c6accbb61ff1b8149da4966d210ec37b83baafb51e1a7""},{""L"":""6784b101c19f049ab5d2a4299878246ecb51ebcc6f39d944d18d231f3c77afc2""},{""L"":""07f2e4ffd16a0f8cac27971a18979a2318ae4c009158d67657f7dc492e48ed3e""}]}","False","159992125","drep127cju8sfz0ly2v4sl4xfuv96n8jhcm6epwyn9ppxgrd3w6c8r28"
"2025-07-03T16:01:11.650+00:00","2025-07-03T16:01:11.650+00:00","55fe015f-4ecf-4b6d-978e-4d8ea9a8499a","85413414","CC-Elections-2025","3d075c315bab6cffbf281ca09b8d1f47156043e8d2d12a62077eaf38d30de5e0","7bd612193d724ca2be3b4d4f98da03ce5212e11aa0e964748fd8832499651c3b","{""steps"":[{""R"":""817290a79cf593b8209db09bdc84da43514227ea0862c5784bbed893709a28a3""},{""L"":""53606922c65cbe4675d14dde7091e01a9629e8e5689070b5d08ec20422f527a0""},{""L"":""8fa29376c6239a276bd4ec1dd38182d3f83c96c870d35872fa5ee4df48a1c7b2""},{""R"":""7f5d90ed692b9e409da2989e1fad3e77d9db180252d9ea20d04efe1f4dc45365""},{""R"":""1a98035222add52d5acef63da49a1d14ff59bd5d73b3ad27c62e0939239c07f7""},{""L"":""fa9b1d3af11f402f8ab669a32129ca916e8b987f840e489bed13fe62c786ec8c""},{""R"":""d2b725787ed16ee77f619688e8aee5f31aba03d039efe97e5317972de3639c22""}]}","False","159992125","drep18y3ch9fuefgt8ne87k9sjedm2y3pey5lcyzhpqkq02vujxntnxn"
"2025-07-03T16:01:10.645+00:00","2025-07-03T16:01:10.645+00:00","a869bdd7-aaca-4520-ac97-f52cead03b96","82064973","CC-Elections-2025","3d075c315bab6cffbf281ca09b8d1f47156043e8d2d12a62077eaf38d30de5e0","7bd612193d724ca2be3b4d4f98da03ce5212e11aa0e964748fd8832499651c3b","{""steps"":[{""L"":""fd12e3b27c35de9394ee387e64d38e8d713a6deb72be850752b32dc4d515ebca""},{""L"":""77a9b0eba3a0931d61f29d50fb7c5e1c014d1a1b98e8f29ca15544ae34524055""},{""L"":""43e616a7a1304e1b6d7436467ae4f213e0b946ce9073332c2aabf2570c842553""},{""L"":""6ac58d1c0090a53af413d9d4d70c82bbddea255774e3cf2a3959cbefc3365e38""},{""R"":""22985d683851528d34d99572610984d15f2b6c32023dc9da9fa9dc50e24f107e""},{""R"":""d64d0fb95256a527d1133e932dea3952c1bd8f82b00b777a6733ef0a70d2fcae""},{""R"":""d2b725787ed16ee77f619688e8aee5f31aba03d039efe97e5317972de3639c22""}]}","False","159992125","drep1yn6hlm88yyacdm9lej0n2kp4u9y2m55mnha82ugn46afkspmyfv"
"2025-07-03T16:01:12.757+00:00","2025-07-03T16:01:12.757+00:00","4135b172-4f83-471e-bb2a-d581f14c9ed1","80788796","CC-Elections-2025","3d075c315bab6cffbf281ca09b8d1f47156043e8d2d12a62077eaf38d30de5e0","7bd612193d724ca2be3b4d4f98da03ce5212e11aa0e964748fd8832499651c3b","{""steps"":[{""R"":""d8c4e7c176e745d28fe2aaec5ba039a4e53e44c46fbe518624953b7fdcf4e47f""},{""R"":""93057c4aef8e92dc509876ba3f87187eb158ff8337bab4d732bc74448c0ce297""},{""R"":""552c9b0bfd1628da612b2c4aac8dd6be95fbb45a18aa38b03910cebb544b28a7""},{""R"":""0f08f9ac915f43064883ac51d7b87d4ae91ccf1c6f34b45bf826dcda2ab1f602""},{""R"":""aba8f7ae297683eff72384a322db7b97bde83c38e47479a5b14fd7ced134d196""},{""L"":""07f2e4ffd16a0f8cac27971a18979a2318ae4c009158d67657f7dc492e48ed3e""}]}","False","159992125","drep1mkmnzmtlflcadyyy7g6ju3sn9ppcrut5wn73x00mfwmw642g5qy"
"2025-07-03T16:01:12.247+00:00","2025-07-03T16:01:12.247+00:00","87b602e6-2584-4c3a-af41-5ade990df5f1","75424243","CC-Elections-2025","3d075c315bab6cffbf281ca09b8d1f47156043e8d2d12a62077eaf38d30de5e0","7bd612193d724ca2be3b4d4f98da03ce5212e11aa0e964748fd8832499651c3b","{""steps"":[{""R"":""7e0bef3fd34b4b63f192b43ab88feec5b08b70dfa7702835c13b8c807e29e1da""},{""L"":""6847e6f852fae56d2ca44c473563e171fc379222647a20698bbc7310de02ded0""},{""R"":""ab0a0e2310381f903a121f11a5f69821bf21a0caae71266d016cc5a8649f34fb""},{""L"":""3dd3a5715ea4ac646e63256e0c704f31d565047cb285e34621b8f82de5d7799f""},{""L"":""fa9b1d3af11f402f8ab669a32129ca916e8b987f840e489bed13fe62c786ec8c""},{""R"":""d2b725787ed16ee77f619688e8aee5f31aba03d039efe97e5317972de3639c22""}]}","False","159992125","drep12ukt4ctzmtf6l5rj76cddgf3dvuy0lfz7uky08jfvgr9ugaapz4"
"2025-07-03T16:01:13.543+00:00","2025-07-03T16:01:13.543+00:00","7081888a-f537-43aa-a51c-75ed84da349a","74484311","CC-Elections-2025","3d075c315bab6cffbf281ca09b8d1f47156043e8d2d12a62077eaf38d30de5e0","7bd612193d724ca2be3b4d4f98da03ce5212e11aa0e964748fd8832499651c3b","{""steps"":[{""R"":""ef30f017ed9d82d70f910759283300798d8b7c26471d12269f7aec1ff8a0d90d""},{""R"":""658b8575bd4354ab1c2c826aff1ef4971a838d58fa3d0b9ad6b44af2db7f979d""},{""R"":""3695d79b72304a5e1db3e63bed341d97413c4bb4f64bb1252d622891b1a8456c""},{""L"":""e8eba4e7bd9b31184fb75fb263a42331548731106f7db568ecc7d53560758d32""},{""R"":""aba8f7ae297683eff72384a322db7b97bde83c38e47479a5b14fd7ced134d196""},{""L"":""07f2e4ffd16a0f8cac27971a18979a2318ae4c009158d67657f7dc492e48ed3e""}]}","False","159992125","drep1t8hsjjvqh5lxp9p0ejsdh20wl2a6fc83u0l0asug8yhr6lgc03l"
"2025-07-03T16:01:14.448+00:00","2025-07-03T16:01:14.448+00:00","481b12cf-4b16-4b8f-ba68-11acbd051cc6","73421866","CC-Elections-2025","3d075c315bab6cffbf281ca09b8d1f47156043e8d2d12a62077eaf38d30de5e0","7bd612193d724ca2be3b4d4f98da03ce5212e11aa0e964748fd8832499651c3b","{""steps"":[{""L"":""87b2d4ed3fa80f86f6c54afdb7126aeb6f0710e1a7bc6f5414845a6c3c9a3a2a""},{""L"":""a2e7d1a29dfdaf112f96cc05e681c6257e168556dbebb1bf744083393985c87f""},{""R"":""e29238abd3ef7e88e089c802177a443a4396c0852a58e3615ee610c5af93aebf""},{""R"":""39644560bc2c3b717fce6a06fb77c1007c0772beaf9a2606e779190e1f5c7a41""},{""R"":""5cdb7e3276f28276ddebef8f02d33f272818eeb794ccc75a22c6a30fbf59fff8""},{""L"":""6784b101c19f049ab5d2a4299878246ecb51ebcc6f39d944d18d231f3c77afc2""},{""L"":""07f2e4ffd16a0f8cac27971a18979a2318ae4c009158d67657f7dc492e48ed3e""}]}","False","159992125","drep1npqc9m60dg9a27e852jn8wse9h3l975qsgwgh22mmh2eqzrlsfc"
"2025-07-03T16:01:14.165+00:00","2025-07-03T16:01:14.165+00:00","3cb9217c-e858-4427-8d07-fb8dddad3f0d","72065499","CC-Elections-2025","3d075c315bab6cffbf281ca09b8d1f47156043e8d2d12a62077eaf38d30de5e0","7bd612193d724ca2be3b4d4f98da03ce5212e11aa0e964748fd8832499651c3b","{""steps"":[{""L"":""0dc1970f1b51a4b38cc1e5da33fbea9d912e423eb0c80106142f4c366b32b28a""},{""R"":""31518212d31eb9f05d04aedb72ff8b615750c5d72a6c808b7ebea7b0a991f3cd""},{""L"":""004f8101235765da70506d3a2d731ff084df606dbd62086f2f013b937b7d1677""},{""L"":""058fbd55d1b0c8b030b11c27dcf946f684dd69181ba444f1372100ab2ffe5667""},{""L"":""e8eba4e7bd9b31184fb75fb263a42331548731106f7db568ecc7d53560758d32""},{""R"":""aba8f7ae297683eff72384a322db7b97bde83c38e47479a5b14fd7ced134d196""},{""L"":""07f2e4ffd16a0f8cac27971a18979a2318ae4c009158d67657f7dc492e48ed3e""}]}","False","159992125","drep1yxt7kfc7hgnnx4gw2xqrpgyp55cctjnh6wvlvwt0ck4pvcs3pap"
"2025-07-03T16:01:11.560+00:00","2025-07-03T16:01:11.560+00:00","f057433d-0200-4d88-adea-20810ba6741c","68901416","CC-Elections-2025","3d075c315bab6cffbf281ca09b8d1f47156043e8d2d12a62077eaf38d30de5e0","7bd612193d724ca2be3b4d4f98da03ce5212e11aa0e964748fd8832499651c3b","{""steps"":[{""R"":""69e22911d8e5e10e19bfa51119d275c396534cc5f7a1f450bb3fdbd8e3f6c2a2""},{""L"":""8fa29376c6239a276bd4ec1dd38182d3f83c96c870d35872fa5ee4df48a1c7b2""},{""R"":""7f5d90ed692b9e409da2989e1fad3e77d9db180252d9ea20d04efe1f4dc45365""},{""R"":""1a98035222add52d5acef63da49a1d14ff59bd5d73b3ad27c62e0939239c07f7""},{""L"":""fa9b1d3af11f402f8ab669a32129ca916e8b987f840e489bed13fe62c786ec8c""},{""R"":""d2b725787ed16ee77f619688e8aee5f31aba03d039efe97e5317972de3639c22""}]}","False","159992125","drep1efm7rzyrs22pdfvnyuzkm9uznx4kx7cr38vpatdj4yrq7gm7fr3"
"2025-07-03T16:01:13.851+00:00","2025-07-03T16:01:13.851+00:00","fec0045b-4254-4cd0-a7be-531ca8f9e20b","64223644","CC-Elections-2025","3d075c315bab6cffbf281ca09b8d1f47156043e8d2d12a62077eaf38d30de5e0","7bd612193d724ca2be3b4d4f98da03ce5212e11aa0e964748fd8832499651c3b","{""steps"":[{""L"":""d052461c2460c82f82cea9174fd2b3406448ae5c0874748342eb094344c42420""},{""L"":""f879a047d6415497751f1c2a9b4e9b71b6cd6fac4992ff02d768de1aae388d03""},{""L"":""c84fe2b8003b6c5bf3261480f0ce72788925c2b223655cecb25ae5fb57b3e807""},{""R"":""3695d79b72304a5e1db3e63bed341d97413c4bb4f64bb1252d622891b1a8456c""},{""L"":""e8eba4e7bd9b31184fb75fb263a42331548731106f7db568ecc7d53560758d32""},{""R"":""aba8f7ae297683eff72384a322db7b97bde83c38e47479a5b14fd7ced134d196""},{""L"":""07f2e4ffd16a0f8cac27971a18979a2318ae4c009158d67657f7dc492e48ed3e""}]}","False","159992125","drep17pq0e6f8rx6kgd5sjkatsj24fzkny3ffm54wr885uc2pzftd2ry"
"2025-07-03T16:01:12.358+00:00","2025-07-03T16:01:12.358+00:00","f7d49ecf-4fe1-4f0d-90b5-703c0b37a6a0","62326622","CC-Elections-2025","3d075c315bab6cffbf281ca09b8d1f47156043e8d2d12a62077eaf38d30de5e0","7bd612193d724ca2be3b4d4f98da03ce5212e11aa0e964748fd8832499651c3b","{""steps"":[{""L"":""447fe6313178fc80e7865f84599374b8f09328d03c6b37f11cf95b09a4a8c64f""},{""L"":""eccdda35498424f3ed20c11bdee374d75e75db0722d177af9f305abe496db3b0""},{""L"":""6847e6f852fae56d2ca44c473563e171fc379222647a20698bbc7310de02ded0""},{""R"":""ab0a0e2310381f903a121f11a5f69821bf21a0caae71266d016cc5a8649f34fb""},{""L"":""3dd3a5715ea4ac646e63256e0c704f31d565047cb285e34621b8f82de5d7799f""},{""L"":""fa9b1d3af11f402f8ab669a32129ca916e8b987f840e489bed13fe62c786ec8c""},{""R"":""d2b725787ed16ee77f619688e8aee5f31aba03d039efe97e5317972de3639c22""}]}","False","159992125","drep1nvuyn6ldjenkcnjd005qt76ygmxuv5x2l2ram7eud4uywtrhp7k"
"2025-07-03T16:01:13.049+00:00","2025-07-03T16:01:13.049+00:00","0a62c5a9-2801-492f-8705-013b26e6b907","58733754","CC-Elections-2025","3d075c315bab6cffbf281ca09b8d1f47156043e8d2d12a62077eaf38d30de5e0","7bd612193d724ca2be3b4d4f98da03ce5212e11aa0e964748fd8832499651c3b","{""steps"":[{""R"":""7af8b6054a5f09213e6fdf524336f181cec717686a1aa4ff756035fe20ad7361""},{""L"":""bfa82c375d602ab48864e0c90c5ea7dd24ec4bf91b97b2cbaf87d9ec437fc222""},{""L"":""500af62d22285cecaee4ba50ce02d842f3dc9382c4cb4d93aed4a5bdf9c0fbb1""},{""R"":""552c9b0bfd1628da612b2c4aac8dd6be95fbb45a18aa38b03910cebb544b28a7""},{""R"":""0f08f9ac915f43064883ac51d7b87d4ae91ccf1c6f34b45bf826dcda2ab1f602""},{""R"":""aba8f7ae297683eff72384a322db7b97bde83c38e47479a5b14fd7ced134d196""},{""L"":""07f2e4ffd16a0f8cac27971a18979a2318ae4c009158d67657f7dc492e48ed3e""}]}","False","159992125","drep1a7vhjmrqr6682u0ljxws9tl8gun6sx7laq0qsjqmmurt6nzwctt"
"2025-07-03T16:01:10.955+00:00","2025-07-03T16:01:10.955+00:00","c6a58309-53b4-47a0-913f-19e0575cbc8e","57827783","CC-Elections-2025","3d075c315bab6cffbf281ca09b8d1f47156043e8d2d12a62077eaf38d30de5e0","7bd612193d724ca2be3b4d4f98da03ce5212e11aa0e964748fd8832499651c3b","{""steps"":[{""R"":""236e48aa6ecc8633a4539b9d76823cac0e8b43f2c462f3a867a23397364b9367""},{""L"":""96cb30e7507acec35b18dcf025e5b6f94e12b734832814819ce4ce079cf517e7""},{""L"":""5221450ed5602feed5c87340a42265b41defd109388dbda31e4997d5fc542528""},{""R"":""8b9fbe28b92c296d86ecf97a088861b47a0b0b442d3fed90af07984c4971362d""},{""L"":""f73cdfb3a860a52dc1fe77af70e4d11b3ff731001c9ad0b593b80964968addce""},{""R"":""d64d0fb95256a527d1133e932dea3952c1bd8f82b00b777a6733ef0a70d2fcae""},{""R"":""d2b725787ed16ee77f619688e8aee5f31aba03d039efe97e5317972de3639c22""}]}","False","159992125","drep1smycdt70dg58adcxm7t9gyhznay3hkc48hznr5sss6dr72duwlz"
"2025-07-03T16:01:14.357+00:00","2025-07-03T16:01:14.357+00:00","208bd68c-5e99-4ce8-8c78-9b05e15ed4f7","53794198","CC-Elections-2025","3d075c315bab6cffbf281ca09b8d1f47156043e8d2d12a62077eaf38d30de5e0","7bd612193d724ca2be3b4d4f98da03ce5212e11aa0e964748fd8832499651c3b","{""steps"":[{""R"":""9e92d20e0e3843e32d316249009797fe170e5395929cbd8141dcf25f78fb427c""},{""R"":""e29238abd3ef7e88e089c802177a443a4396c0852a58e3615ee610c5af93aebf""},{""R"":""39644560bc2c3b717fce6a06fb77c1007c0772beaf9a2606e779190e1f5c7a41""},{""R"":""5cdb7e3276f28276ddebef8f02d33f272818eeb794ccc75a22c6a30fbf59fff8""},{""L"":""6784b101c19f049ab5d2a4299878246ecb51ebcc6f39d944d18d231f3c77afc2""},{""L"":""07f2e4ffd16a0f8cac27971a18979a2318ae4c009158d67657f7dc492e48ed3e""}]}","False","159992125","drep1pmy58hz70shnprfexg4z6ykfxnavtv5jdemvvl5yktydzml6wlq"
"2025-07-03T16:01:15.163+00:00","2025-07-03T16:01:15.163+00:00","231d29d0-54f4-4145-87f4-cad2f333d260","53375015","CC-Elections-2025","3d075c315bab6cffbf281ca09b8d1f47156043e8d2d12a62077eaf38d30de5e0","7bd612193d724ca2be3b4d4f98da03ce5212e11aa0e964748fd8832499651c3b","{""steps"":[{""L"":""560aa4f35873b8845de1adfbbac9466446cfc7db28e59a98fee06172631e9841""},{""L"":""d9a4deec1ffb6f40372027e305d1370e3f200c902c35103a06f632a79b085991""},{""R"":""dc8ede7444ecb68a197e4d4ab3b31a1566580e2b88c9d43f90905d07e9146204""},{""L"":""41bc56def74d9ae4fa84bbe2699f2a050c7ec0ce76b0fbf775941d10f8bde4ad""},{""L"":""bf9b15e094d9d0cb728c6accbb61ff1b8149da4966d210ec37b83baafb51e1a7""},{""L"":""6784b101c19f049ab5d2a4299878246ecb51ebcc6f39d944d18d231f3c77afc2""},{""L"":""07f2e4ffd16a0f8cac27971a18979a2318ae4c009158d67657f7dc492e48ed3e""}]}","False","159992125","drep1s369jcyjh4nk7ekvrte9fa20sdg32ujdphp7av8xyz7u223jsa2"
"2025-07-03T16:01:11.378+00:00","2025-07-03T16:01:11.378+00:00","ec269562-ba82-4b67-86be-3f89133ba221","52511661","CC-Elections-2025","3d075c315bab6cffbf281ca09b8d1f47156043e8d2d12a62077eaf38d30de5e0","7bd612193d724ca2be3b4d4f98da03ce5212e11aa0e964748fd8832499651c3b","{""steps"":[{""L"":""64001b2ae336d7813b6721d24f480bf17b20d8490454d9a4ffb4bc30780221d7""},{""L"":""28143cc8923ef5faf147390828780890da03ba5be6f819c4f62a5513491da847""},{""L"":""6e14500360237ceb97e173e5c9cb41fdc1c138cba579ebc6236479e2c3c6fbc1""},{""L"":""e8c20cc862d99e2fe84aaeaaf6cbbdb383dc680129538f84ec748e8a983076f2""},{""L"":""f73cdfb3a860a52dc1fe77af70e4d11b3ff731001c9ad0b593b80964968addce""},{""R"":""d64d0fb95256a527d1133e932dea3952c1bd8f82b00b777a6733ef0a70d2fcae""},{""R"":""d2b725787ed16ee77f619688e8aee5f31aba03d039efe97e5317972de3639c22""}]}","False","159992125","drep16yrdjg5my5mnfscnzfekjuawz609sqqdu8w7c4jth26yqkxf5l4"
"2025-07-03T16:01:13.467+00:00","2025-07-03T16:01:13.467+00:00","7bf7e43d-5b57-48e1-9ed6-73100d7384ba","50682742","CC-Elections-2025","3d075c315bab6cffbf281ca09b8d1f47156043e8d2d12a62077eaf38d30de5e0","7bd612193d724ca2be3b4d4f98da03ce5212e11aa0e964748fd8832499651c3b","{""steps"":[{""L"":""e51157d3d052185a220234b4ebf020a2c22f952a2b9e55f37c69e928d058ffbf""},{""L"":""7ea1977ba585640a33233964301f010e1ed3cec3b2f199e472c521b22089d331""},{""L"":""22bef19bb5b996c30537cb5bbbe8e480004d9081abc5c9ad73a9370650d3fe21""},{""L"":""709040db9f0dd6c4d465e14cfc6cb4e2c14145b7cb503579b185859fb438a918""},{""R"":""0f08f9ac915f43064883ac51d7b87d4ae91ccf1c6f34b45bf826dcda2ab1f602""},{""R"":""aba8f7ae297683eff72384a322db7b97bde83c38e47479a5b14fd7ced134d196""},{""L"":""07f2e4ffd16a0f8cac27971a18979a2318ae4c009158d67657f7dc492e48ed3e""}]}","False","159992125","drep1c59ehxlwkrsulmzhxpx86gr5d4vl9vl8rwa6s3l53du7yeus3y6"
"2025-07-03T16:01:14.370+00:00","2025-07-03T16:01:14.370+00:00","360cfdae-2e51-47b0-a13a-e3f87be62c5a","42038716","CC-Elections-2025","3d075c315bab6cffbf281ca09b8d1f47156043e8d2d12a62077eaf38d30de5e0","7bd612193d724ca2be3b4d4f98da03ce5212e11aa0e964748fd8832499651c3b","{""steps"":[{""R"":""d362f84a572951501bb345d09f4bf39361e19c9c15d1da329c3273c4dcc14a03""},{""L"":""a2e7d1a29dfdaf112f96cc05e681c6257e168556dbebb1bf744083393985c87f""},{""R"":""e29238abd3ef7e88e089c802177a443a4396c0852a58e3615ee610c5af93aebf""},{""R"":""39644560bc2c3b717fce6a06fb77c1007c0772beaf9a2606e779190e1f5c7a41""},{""R"":""5cdb7e3276f28276ddebef8f02d33f272818eeb794ccc75a22c6a30fbf59fff8""},{""L"":""6784b101c19f049ab5d2a4299878246ecb51ebcc6f39d944d18d231f3c77afc2""},{""L"":""07f2e4ffd16a0f8cac27971a18979a2318ae4c009158d67657f7dc492e48ed3e""}]}","False","159992125","drep1knfjmx50fh4vsyznaefn4xl49pg9wdy2a463sr457mj5u92jrel"
"2025-07-03T16:01:13.259+00:00","2025-07-03T16:01:13.259+00:00","5de39c03-b5bb-4316-b8bf-f9c7b29fbfb0","41458018","CC-Elections-2025","3d075c315bab6cffbf281ca09b8d1f47156043e8d2d12a62077eaf38d30de5e0","7bd612193d724ca2be3b4d4f98da03ce5212e11aa0e964748fd8832499651c3b","{""steps"":[{""R"":""e62a1d21dc234c956f31f69674946d1e7382a69f6dfa178fa03972004432aaf7""},{""R"":""39e66edd87fb4022e284f0466846476264b5dbd36c6c716f5f5c2adb6c818937""},{""L"":""22bef19bb5b996c30537cb5bbbe8e480004d9081abc5c9ad73a9370650d3fe21""},{""L"":""709040db9f0dd6c4d465e14cfc6cb4e2c14145b7cb503579b185859fb438a918""},{""R"":""0f08f9ac915f43064883ac51d7b87d4ae91ccf1c6f34b45bf826dcda2ab1f602""},{""R"":""aba8f7ae297683eff72384a322db7b97bde83c38e47479a5b14fd7ced134d196""},{""L"":""07f2e4ffd16a0f8cac27971a18979a2318ae4c009158d67657f7dc492e48ed3e""}]}","False","159992125","drep120m237kstm7pzywv5nwtjm8gj8dl55j9nupwlkapz77mgv7zu7l"
"2025-07-03T16:01:14.965+00:00","2025-07-03T16:01:14.965+00:00","5e3484ff-91ec-4641-8acd-f52e47643921","40963761","CC-Elections-2025","3d075c315bab6cffbf281ca09b8d1f47156043e8d2d12a62077eaf38d30de5e0","7bd612193d724ca2be3b4d4f98da03ce5212e11aa0e964748fd8832499651c3b","{""steps"":[{""R"":""b452e6b77ee05d402406b0f924e3df4c9fa38c33ad25dcf13b5d3fb1093f3bbc""},{""R"":""4b698579a869e313c418849d6b49ad4f449118f23b6827385f6ccc9ec1d1715e""},{""L"":""034ad9e35306f1006a74ebd0319506766b0e32c617903b92017cb859b81d971e""},{""R"":""fc9ce7a47791a740897d1fcd9a6610e411a2e562eb71187fb8da7991b89efafd""},{""L"":""bf9b15e094d9d0cb728c6accbb61ff1b8149da4966d210ec37b83baafb51e1a7""},{""L"":""6784b101c19f049ab5d2a4299878246ecb51ebcc6f39d944d18d231f3c77afc2""},{""L"":""07f2e4ffd16a0f8cac27971a18979a2318ae4c009158d67657f7dc492e48ed3e""}]}","False","159992125","drep1zmymjy8xyzmxvxuz4mptxpam52exdq4chmwuqsesr2se57jz0v0"
"2025-07-03T16:01:12.543+00:00","2025-07-03T16:01:12.543+00:00","c8ebca7d-8324-4682-a246-471c0bd986fa","38817049","CC-Elections-2025","3d075c315bab6cffbf281ca09b8d1f47156043e8d2d12a62077eaf38d30de5e0","7bd612193d724ca2be3b4d4f98da03ce5212e11aa0e964748fd8832499651c3b","{""steps"":[{""L"":""bbb2485583e4dfece2d87f1b278bbdbd4f5d296e808567ea2c7d9c85d0998d17""},{""L"":""b157433aa265071ba80116d581bdde784de321e6ba4224953c1fbaddd9b55117""},{""R"":""093ec7c0f73e34d43145e1522d016e2dee885c78770e2e98028585148eb43fb7""},{""L"":""2c38d2efa6b04b9f6ed196f3a39a8bccdd1cfec905db073a2239c8d5ee1f7c84""},{""L"":""3dd3a5715ea4ac646e63256e0c704f31d565047cb285e34621b8f82de5d7799f""},{""L"":""fa9b1d3af11f402f8ab669a32129ca916e8b987f840e489bed13fe62c786ec8c""},{""R"":""d2b725787ed16ee77f619688e8aee5f31aba03d039efe97e5317972de3639c22""}]}","False","159992125","drep1nm3mpnnvtxvlmqt7lpnskm0clhtm7ngg4pm7qklv42j5qcvhhnw"
"2025-07-03T16:01:13.363+00:00","2025-07-03T16:01:13.363+00:00","f4d0d0ac-a559-4b8d-bb87-17d008378877","37291142","CC-Elections-2025","3d075c315bab6cffbf281ca09b8d1f47156043e8d2d12a62077eaf38d30de5e0","7bd612193d724ca2be3b4d4f98da03ce5212e11aa0e964748fd8832499651c3b","{""steps"":[{""R"":""f28ccaae048dcb27f33e474878c131b2f2cb6d339266193413fd2e75723b20e2""},{""L"":""7ea1977ba585640a33233964301f010e1ed3cec3b2f199e472c521b22089d331""},{""L"":""22bef19bb5b996c30537cb5bbbe8e480004d9081abc5c9ad73a9370650d3fe21""},{""L"":""709040db9f0dd6c4d465e14cfc6cb4e2c14145b7cb503579b185859fb438a918""},{""R"":""0f08f9ac915f43064883ac51d7b87d4ae91ccf1c6f34b45bf826dcda2ab1f602""},{""R"":""aba8f7ae297683eff72384a322db7b97bde83c38e47479a5b14fd7ced134d196""},{""L"":""07f2e4ffd16a0f8cac27971a18979a2318ae4c009158d67657f7dc492e48ed3e""}]}","False","159992125","drep17vw9clp7lnv2qjqtnx68vm6yjfslpgewprqa4kxg7rmkznaryj5"
"2025-07-03T16:01:13.745+00:00","2025-07-03T16:01:13.745+00:00","55e31caa-2480-48d1-b211-76bb7156795f","35937183","CC-Elections-2025","3d075c315bab6cffbf281ca09b8d1f47156043e8d2d12a62077eaf38d30de5e0","7bd612193d724ca2be3b4d4f98da03ce5212e11aa0e964748fd8832499651c3b","{""steps"":[{""R"":""671d619e36a3fc161d53b288df7079e17eca332f9b75a5451a2d70a98ff9aaa9""},{""L"":""c84fe2b8003b6c5bf3261480f0ce72788925c2b223655cecb25ae5fb57b3e807""},{""R"":""3695d79b72304a5e1db3e63bed341d97413c4bb4f64bb1252d622891b1a8456c""},{""L"":""e8eba4e7bd9b31184fb75fb263a42331548731106f7db568ecc7d53560758d32""},{""R"":""aba8f7ae297683eff72384a322db7b97bde83c38e47479a5b14fd7ced134d196""},{""L"":""07f2e4ffd16a0f8cac27971a18979a2318ae4c009158d67657f7dc492e48ed3e""}]}","False","159992125","drep1jcfgptx9j869j9jxrwyvvjldcuz6gjv5wp7g32k3yyq5sukjg87"
"2025-07-03T16:01:14.672+00:00","2025-07-03T16:01:14.672+00:00","82299b03-bd36-4d3e-87b8-5f2c7a8505a7","35818678","CC-Elections-2025","3d075c315bab6cffbf281ca09b8d1f47156043e8d2d12a62077eaf38d30de5e0","7bd612193d724ca2be3b4d4f98da03ce5212e11aa0e964748fd8832499651c3b","{""steps"":[{""L"":""511eafdc136c177fcb414322d238d53f375a13fc3d2cb3727b4a6566b1fa881a""},{""L"":""43c665e495c82fe9c5b9fecd609baac094378c30a3c0b94b8e0da415e7c21b54""},{""R"":""dc3406dbbff3642d06d4179187294b80d3689cba39a298f86202d2c3e5b0161c""},{""L"":""b4acacefb810c57f2bcc3a1ea0b46627fd4edb9eb82b5065fade66919760e528""},{""R"":""5cdb7e3276f28276ddebef8f02d33f272818eeb794ccc75a22c6a30fbf59fff8""},{""L"":""6784b101c19f049ab5d2a4299878246ecb51ebcc6f39d944d18d231f3c77afc2""},{""L"":""07f2e4ffd16a0f8cac27971a18979a2318ae4c009158d67657f7dc492e48ed3e""}]}","False","159992125","drep1gsnseus5um6kckgtyx3pvav23wv9ss2pzyndawtj3uqsw5dr4q5"
"2025-07-03T16:01:13.246+00:00","2025-07-03T16:01:13.246+00:00","7af8815d-9472-421b-9029-12001f7607cf","30791305","CC-Elections-2025","3d075c315bab6cffbf281ca09b8d1f47156043e8d2d12a62077eaf38d30de5e0","7bd612193d724ca2be3b4d4f98da03ce5212e11aa0e964748fd8832499651c3b","{""steps"":[{""L"":""a550cc402469e7d58fd26097c5dbb07c973bb33c6773bc259678013523799b1e""},{""L"":""6d9d16805d5319e6760a3861da4d71f83889aa0920a34b8c535f6f2d0a9a5602""},{""R"":""042e4db0c81602aae1122671d59febeeae1c3fb9cfca4042363c922705a60db6""},{""L"":""709040db9f0dd6c4d465e14cfc6cb4e2c14145b7cb503579b185859fb438a918""},{""R"":""0f08f9ac915f43064883ac51d7b87d4ae91ccf1c6f34b45bf826dcda2ab1f602""},{""R"":""aba8f7ae297683eff72384a322db7b97bde83c38e47479a5b14fd7ced134d196""},{""L"":""07f2e4ffd16a0f8cac27971a18979a2318ae4c009158d67657f7dc492e48ed3e""}]}","False","159992125","drep12wnsskr7qmr9jaqdampwsqyexmz94supx88603g0r28ssnfrk4f"
"2025-07-03T16:01:12.555+00:00","2025-07-03T16:01:12.555+00:00","fac9492f-4569-4e7f-a068-fcf4ae7a01f4","28506704","CC-Elections-2025","3d075c315bab6cffbf281ca09b8d1f47156043e8d2d12a62077eaf38d30de5e0","7bd612193d724ca2be3b4d4f98da03ce5212e11aa0e964748fd8832499651c3b","{""steps"":[{""R"":""7aa03a6b424e3eeda9cb231e3c9ec755c07160564838988af4c5da35531243bf""},{""R"":""d773a3e9207186cfaa3849d69687a5fa0bd36f6287cb56df3204d0f1de9d5407""},{""L"":""526d25b6f1ebb14f9206ddb6d92bca793c211b2a11002432dc82e5f4d6d4f5e1""},{""L"":""2c38d2efa6b04b9f6ed196f3a39a8bccdd1cfec905db073a2239c8d5ee1f7c84""},{""L"":""3dd3a5715ea4ac646e63256e0c704f31d565047cb285e34621b8f82de5d7799f""},{""L"":""fa9b1d3af11f402f8ab669a32129ca916e8b987f840e489bed13fe62c786ec8c""},{""R"":""d2b725787ed16ee77f619688e8aee5f31aba03d039efe97e5317972de3639c22""}]}","False","159992125","drep1wp585ps5n2hu8jy5j2cxuap6zzs9zvnnw8g5lru4u0rq2tzhg0p"
"2025-07-03T16:01:13.870+00:00","2025-07-03T16:01:13.870+00:00","0fbda034-9fe9-4dfc-bf69-1a1c2e9658b0","28028772","CC-Elections-2025","3d075c315bab6cffbf281ca09b8d1f47156043e8d2d12a62077eaf38d30de5e0","7bd612193d724ca2be3b4d4f98da03ce5212e11aa0e964748fd8832499651c3b","{""steps"":[{""R"":""f2dd8a1ef459753866b8c7e5283d3f1c2c795938be6ccf1f64a0f03d40aec055""},{""R"":""97ceb17f94407dec27b942085f9b9cd533d655058dd18c1194dc799177ffe068""},{""L"":""058fbd55d1b0c8b030b11c27dcf946f684dd69181ba444f1372100ab2ffe5667""},{""L"":""e8eba4e7bd9b31184fb75fb263a42331548731106f7db568ecc7d53560758d32""},{""R"":""aba8f7ae297683eff72384a322db7b97bde83c38e47479a5b14fd7ced134d196""},{""L"":""07f2e4ffd16a0f8cac27971a18979a2318ae4c009158d67657f7dc492e48ed3e""}]}","False","159992125","drep1jjx7efq77a0gtx49h9vvtraq9prsp45u5q3qrah6vw7p5t2sx66"
"2025-07-03T16:01:14.660+00:00","2025-07-03T16:01:14.660+00:00","02ae969a-6949-4059-bd3e-de54177e9e7b","27760364","CC-Elections-2025","3d075c315bab6cffbf281ca09b8d1f47156043e8d2d12a62077eaf38d30de5e0","7bd612193d724ca2be3b4d4f98da03ce5212e11aa0e964748fd8832499651c3b","{""steps"":[{""R"":""2c74e4bc695ac640b63dc7b3eae0b02252122205116a697c9a3e0e420a9a1765""},{""L"":""43c665e495c82fe9c5b9fecd609baac094378c30a3c0b94b8e0da415e7c21b54""},{""R"":""dc3406dbbff3642d06d4179187294b80d3689cba39a298f86202d2c3e5b0161c""},{""L"":""b4acacefb810c57f2bcc3a1ea0b46627fd4edb9eb82b5065fade66919760e528""},{""R"":""5cdb7e3276f28276ddebef8f02d33f272818eeb794ccc75a22c6a30fbf59fff8""},{""L"":""6784b101c19f049ab5d2a4299878246ecb51ebcc6f39d944d18d231f3c77afc2""},{""L"":""07f2e4ffd16a0f8cac27971a18979a2318ae4c009158d67657f7dc492e48ed3e""}]}","False","159992125","drep1vkg4qhqt6pyzmtxpvvtjkueak4d7pydsmxz5lwllr53nwezunhg"
"2025-07-03T16:01:10.660+00:00","2025-07-03T16:01:10.660+00:00","e4cd6467-3ba5-4eb7-8eed-db95f023d5ab","27665646","CC-Elections-2025","3d075c315bab6cffbf281ca09b8d1f47156043e8d2d12a62077eaf38d30de5e0","7bd612193d724ca2be3b4d4f98da03ce5212e11aa0e964748fd8832499651c3b","{""steps"":[{""R"":""2908efc0c1a47aa661aaf6cb5128206f9821431c83a98c517f6ad468146d3d82""},{""R"":""b5dddbde76f9eba0b7a7d396ee3841ccb03eb4dea8a3708229720661532f3a15""},{""R"":""8b9fbe28b92c296d86ecf97a088861b47a0b0b442d3fed90af07984c4971362d""},{""L"":""f73cdfb3a860a52dc1fe77af70e4d11b3ff731001c9ad0b593b80964968addce""},{""R"":""d64d0fb95256a527d1133e932dea3952c1bd8f82b00b777a6733ef0a70d2fcae""},{""R"":""d2b725787ed16ee77f619688e8aee5f31aba03d039efe97e5317972de3639c22""}]}","False","159992125","drep1sh842zeupjceky6qyxculqdss67lcy97mx7aqzl9e3k3sr6xlga"
"2025-07-03T16:01:14.975+00:00","2025-07-03T16:01:14.975+00:00","29283378-50ec-4100-8912-20b351b86fb5","24001918","CC-Elections-2025","3d075c315bab6cffbf281ca09b8d1f47156043e8d2d12a62077eaf38d30de5e0","7bd612193d724ca2be3b4d4f98da03ce5212e11aa0e964748fd8832499651c3b","{""steps"":[{""L"":""ea6157a6527f9ab01a868bce3145fba9e2314ee23e4721c31545370c7a059a38""},{""R"":""4b698579a869e313c418849d6b49ad4f449118f23b6827385f6ccc9ec1d1715e""},{""L"":""034ad9e35306f1006a74ebd0319506766b0e32c617903b92017cb859b81d971e""},{""R"":""fc9ce7a47791a740897d1fcd9a6610e411a2e562eb71187fb8da7991b89efafd""},{""L"":""bf9b15e094d9d0cb728c6accbb61ff1b8149da4966d210ec37b83baafb51e1a7""},{""L"":""6784b101c19f049ab5d2a4299878246ecb51ebcc6f39d944d18d231f3c77afc2""},{""L"":""07f2e4ffd16a0f8cac27971a18979a2318ae4c009158d67657f7dc492e48ed3e""}]}","False","159992125","drep1gzytparheacgne639a99cgfy9qk3muwc8qzrr2th3czpg87cn35"
"2025-07-03T16:01:10.050+00:00","2025-07-03T16:01:10.050+00:00","3d20bb1e-c34b-47da-9378-7eaefc3e55fa","19781520","CC-Elections-2025","3d075c315bab6cffbf281ca09b8d1f47156043e8d2d12a62077eaf38d30de5e0","7bd612193d724ca2be3b4d4f98da03ce5212e11aa0e964748fd8832499651c3b","{""steps"":[{""R"":""fe0598c78852026d8963649091f24fd8420dfc1c29815b530f3c138605843182""},{""L"":""6d41adbca9870a235a3c135fda074db2c2467c11a15fca205afff683ac0afe5c""},{""L"":""95bdf1b0a1569e84ba17d66f0d19b9ed354cf9488e9a74482b9c8482664ee7bd""},{""R"":""ef0d578d7684282b7ad630ff03ba6a3e967d1efea6f4db86d336c2cc6eb3e071""},{""R"":""22985d683851528d34d99572610984d15f2b6c32023dc9da9fa9dc50e24f107e""},{""R"":""d64d0fb95256a527d1133e932dea3952c1bd8f82b00b777a6733ef0a70d2fcae""},{""R"":""d2b725787ed16ee77f619688e8aee5f31aba03d039efe97e5317972de3639c22""}]}","False","159992125","drep18c6dw0e6z9lx65f22zrzgl0z49j48k39ttxqk4q6h953utzepy5"
"2025-07-03T16:01:14.780+00:00","2025-07-03T16:01:14.780+00:00","91328dc7-b7a8-44cd-85b4-fb4553e5fa47","13355016","CC-Elections-2025","3d075c315bab6cffbf281ca09b8d1f47156043e8d2d12a62077eaf38d30de5e0","7bd612193d724ca2be3b4d4f98da03ce5212e11aa0e964748fd8832499651c3b","{""steps"":[{""R"":""f1fd9b752e898c7cab94845b96231e9f8571ebe105bb6b034f36d5683ba98e9e""},{""L"":""bbb8980f2012e9ffe9ed0214074ec9c68e3922e7911a89c6db3fa1a4673ec24e""},{""L"":""70da9c6273ab16a846f306d68eeebc2940315796730b046852ec5297bf62ffb0""},{""L"":""b4acacefb810c57f2bcc3a1ea0b46627fd4edb9eb82b5065fade66919760e528""},{""R"":""5cdb7e3276f28276ddebef8f02d33f272818eeb794ccc75a22c6a30fbf59fff8""},{""L"":""6784b101c19f049ab5d2a4299878246ecb51ebcc6f39d944d18d231f3c77afc2""},{""L"":""07f2e4ffd16a0f8cac27971a18979a2318ae4c009158d67657f7dc492e48ed3e""}]}","False","159992125","drep19hs8fncjcm8h0hycjy90gv4xaa48tmapu7v22z22u42769m9m82"
"2025-07-03T16:01:13.652+00:00","2025-07-03T16:01:13.652+00:00","e195009f-bcf9-47f3-80a1-089bed0ddca4","12620627","CC-Elections-2025","3d075c315bab6cffbf281ca09b8d1f47156043e8d2d12a62077eaf38d30de5e0","7bd612193d724ca2be3b4d4f98da03ce5212e11aa0e964748fd8832499651c3b","{""steps"":[{""L"":""1ff16691554309b504b97f788019f8aff09636bb13904fd085d437633afdf9b4""},{""L"":""2b3e9c918d161ffee3627115973f89a3474f8231005475302bce76f469fb6422""},{""R"":""658b8575bd4354ab1c2c826aff1ef4971a838d58fa3d0b9ad6b44af2db7f979d""},{""R"":""3695d79b72304a5e1db3e63bed341d97413c4bb4f64bb1252d622891b1a8456c""},{""L"":""e8eba4e7bd9b31184fb75fb263a42331548731106f7db568ecc7d53560758d32""},{""R"":""aba8f7ae297683eff72384a322db7b97bde83c38e47479a5b14fd7ced134d196""},{""L"":""07f2e4ffd16a0f8cac27971a18979a2318ae4c009158d67657f7dc492e48ed3e""}]}","False","159992125","drep1nz5796lkhg02luejzc3aec3pdv0tz0s0tg94npxxck7qwayutfs"
"2025-07-03T16:01:12.057+00:00","2025-07-03T16:01:12.057+00:00","e2be9654-27d1-4371-b5db-221bc00a93eb","12477653","CC-Elections-2025","3d075c315bab6cffbf281ca09b8d1f47156043e8d2d12a62077eaf38d30de5e0","7bd612193d724ca2be3b4d4f98da03ce5212e11aa0e964748fd8832499651c3b","{""steps"":[{""L"":""4c040be992802dbb234c60ddbf093ef2eab3b511cb52cd4d50d695d5bce721c9""},{""L"":""52c595bd7d3b50a3f507d7f6bd8b716c96077b94acac3395fcb67a04128f3a93""},{""L"":""17f7fbd222e6075fbf4c059d3aeedea2f5f2762caf06bf86045427cf7b42e238""},{""L"":""1b1ea9ccf5a36ff03d7283ffd50a5b4374622341c6d121e953407d8aab349714""},{""R"":""1a98035222add52d5acef63da49a1d14ff59bd5d73b3ad27c62e0939239c07f7""},{""L"":""fa9b1d3af11f402f8ab669a32129ca916e8b987f840e489bed13fe62c786ec8c""},{""R"":""d2b725787ed16ee77f619688e8aee5f31aba03d039efe97e5317972de3639c22""}]}","False","159992125","drep1uygrv5qxyalmdgu0xdjh8ru6juae6426y6048fugyf97g4srzkn"
"2025-07-03T16:01:15.149+00:00","2025-07-03T16:01:15.149+00:00","c9e1eee1-6039-4a09-8899-fcbbc1d294d2","9686145","CC-Elections-2025","3d075c315bab6cffbf281ca09b8d1f47156043e8d2d12a62077eaf38d30de5e0","7bd612193d724ca2be3b4d4f98da03ce5212e11aa0e964748fd8832499651c3b","{""steps"":[{""R"":""56f674dac3f3da7430e6143ce667eb5fc20caeab2317f7f194cc2a26af9410b5""},{""L"":""d9a4deec1ffb6f40372027e305d1370e3f200c902c35103a06f632a79b085991""},{""R"":""dc8ede7444ecb68a197e4d4ab3b31a1566580e2b88c9d43f90905d07e9146204""},{""L"":""41bc56def74d9ae4fa84bbe2699f2a050c7ec0ce76b0fbf775941d10f8bde4ad""},{""L"":""bf9b15e094d9d0cb728c6accbb61ff1b8149da4966d210ec37b83baafb51e1a7""},{""L"":""6784b101c19f049ab5d2a4299878246ecb51ebcc6f39d944d18d231f3c77afc2""},{""L"":""07f2e4ffd16a0f8cac27971a18979a2318ae4c009158d67657f7dc492e48ed3e""}]}","False","159992125","drep1xa90kae89lneyj6ktjrl3mwyvvkq7pxegtjw5rpy50kvclrsl4f"
"2025-07-03T16:01:13.166+00:00","2025-07-03T16:01:13.166+00:00","d66acd34-e9d0-42d7-8c81-b94e03439599","7906100","CC-Elections-2025","3d075c315bab6cffbf281ca09b8d1f47156043e8d2d12a62077eaf38d30de5e0","7bd612193d724ca2be3b4d4f98da03ce5212e11aa0e964748fd8832499651c3b","{""steps"":[{""R"":""7b4f8beab1bc3bf35bc57499ce754bfcf8a4f6b50a6c5d9236e9cd8786ff7cf2""},{""L"":""6d9d16805d5319e6760a3861da4d71f83889aa0920a34b8c535f6f2d0a9a5602""},{""R"":""042e4db0c81602aae1122671d59febeeae1c3fb9cfca4042363c922705a60db6""},{""L"":""709040db9f0dd6c4d465e14cfc6cb4e2c14145b7cb503579b185859fb438a918""},{""R"":""0f08f9ac915f43064883ac51d7b87d4ae91ccf1c6f34b45bf826dcda2ab1f602""},{""R"":""aba8f7ae297683eff72384a322db7b97bde83c38e47479a5b14fd7ced134d196""},{""L"":""07f2e4ffd16a0f8cac27971a18979a2318ae4c009158d67657f7dc492e48ed3e""}]}","False","159992125","drep1a328v5gr8464gpchjy593vmds6thk4ezsx3vmtvapqntw0vky3g"
"2025-07-03T16:01:13.156+00:00","2025-07-03T16:01:13.156+00:00","7023ec18-2d22-431e-a15c-69d0ac3b8d69","6704063","CC-Elections-2025","3d075c315bab6cffbf281ca09b8d1f47156043e8d2d12a62077eaf38d30de5e0","7bd612193d724ca2be3b4d4f98da03ce5212e11aa0e964748fd8832499651c3b","{""steps"":[{""R"":""6308b552ddf390cddc243c4e66d6f4bd617c9986c80a4aa613c29ad320842b17""},{""R"":""042e4db0c81602aae1122671d59febeeae1c3fb9cfca4042363c922705a60db6""},{""L"":""709040db9f0dd6c4d465e14cfc6cb4e2c14145b7cb503579b185859fb438a918""},{""R"":""0f08f9ac915f43064883ac51d7b87d4ae91ccf1c6f34b45bf826dcda2ab1f602""},{""R"":""aba8f7ae297683eff72384a322db7b97bde83c38e47479a5b14fd7ced134d196""},{""L"":""07f2e4ffd16a0f8cac27971a18979a2318ae4c009158d67657f7dc492e48ed3e""}]}","False","159992125","drep1ya6hzdt4kplm2zfnshschz8vweujcxt3f4azyvaplk6xjyw262e"
"2025-07-03T16:01:11.172+00:00","2025-07-03T16:01:11.172+00:00","28c6eda1-8a5e-49fd-9759-2a437586d9e4","4675579","CC-Elections-2025","3d075c315bab6cffbf281ca09b8d1f47156043e8d2d12a62077eaf38d30de5e0","7bd612193d724ca2be3b4d4f98da03ce5212e11aa0e964748fd8832499651c3b","{""steps"":[{""L"":""84c6665b854f4895cf46359386b984121dbfa1d1bb34ff5245fc8657d930da43""},{""L"":""8c82fdba99698d00122cc379dc064962bf9ff32e9f4425e4d7a3902838654b36""},{""R"":""9b37d450c3ad47bc9c6f8e688b09839fcfa0fcd947a7cb5c5c9a8d5e38976cfa""},{""L"":""e8c20cc862d99e2fe84aaeaaf6cbbdb383dc680129538f84ec748e8a983076f2""},{""L"":""f73cdfb3a860a52dc1fe77af70e4d11b3ff731001c9ad0b593b80964968addce""},{""R"":""d64d0fb95256a527d1133e932dea3952c1bd8f82b00b777a6733ef0a70d2fcae""},{""R"":""d2b725787ed16ee77f619688e8aee5f31aba03d039efe97e5317972de3639c22""}]}","False","159992125","drep1jde8rt3uh9yw23wkyf8zr8874u2g0qaue4d860fwdx7gzlktygq"
"2025-07-03T16:01:11.762+00:00","2025-07-03T16:01:11.762+00:00","88e89a08-d886-4b19-abb3-c7d4ebeb54ea","3555887","CC-Elections-2025","3d075c315bab6cffbf281ca09b8d1f47156043e8d2d12a62077eaf38d30de5e0","7bd612193d724ca2be3b4d4f98da03ce5212e11aa0e964748fd8832499651c3b","{""steps"":[{""R"":""4a95daacceae51140f23f42722b933b047d74ab62282155c52f626c88087ca24""},{""R"":""1fe794efa7ce63f00ed3ede9d6d669e4489a7becda379a0b04dce8ac9394eef0""},{""L"":""1b1ea9ccf5a36ff03d7283ffd50a5b4374622341c6d121e953407d8aab349714""},{""R"":""1a98035222add52d5acef63da49a1d14ff59bd5d73b3ad27c62e0939239c07f7""},{""L"":""fa9b1d3af11f402f8ab669a32129ca916e8b987f840e489bed13fe62c786ec8c""},{""R"":""d2b725787ed16ee77f619688e8aee5f31aba03d039efe97e5317972de3639c22""}]}","False","159992125","drep14l69ewnmc5h6uftda9ghs3mw49hdu7w93e9alhzxckp0v5pczql"
"2025-07-03T16:01:10.766+00:00","2025-07-03T16:01:10.766+00:00","bd724544-f9b7-4adf-b126-5098b5e3e584","47751","CC-Elections-2025","3d075c315bab6cffbf281ca09b8d1f47156043e8d2d12a62077eaf38d30de5e0","7bd612193d724ca2be3b4d4f98da03ce5212e11aa0e964748fd8832499651c3b","{""steps"":[{""L"":""95c6d853e186aa61d9dd6f0b23a711f826e0b3c0942c890279246bc55df5fd70""},{""L"":""d5c1a81da38a0e74a0dd090811497a12ef9b0fa7d7366e44d8818f1ec32cd89e""},{""R"":""b5dddbde76f9eba0b7a7d396ee3841ccb03eb4dea8a3708229720661532f3a15""},{""R"":""8b9fbe28b92c296d86ecf97a088861b47a0b0b442d3fed90af07984c4971362d""},{""L"":""f73cdfb3a860a52dc1fe77af70e4d11b3ff731001c9ad0b593b80964968addce""},{""R"":""d64d0fb95256a527d1133e932dea3952c1bd8f82b00b777a6733ef0a70d2fcae""},{""R"":""d2b725787ed16ee77f619688e8aee5f31aba03d039efe97e5317972de3639c22""}]}","False","159992125","drep15jspgw8ea9pw3w0fwyqam2lw58ulw7z6qhr8qyuah7j0yj962w7"
