candidate_name,membership_type,role,membership_buy_date,payment_method,application_submission_date
Agustin Franchella,Individual founding member,,2024-05-30T16:04:02.520Z,,2025-03-24T18:29:46.299Z
James Meidinger,Individual founding member,,2024-09-24T16:24:54.897Z,Fiat,2025-03-26T14:55:00.391Z
Aleksei Seregin,Individual founding member,,2024-07-25T13:00:00.338Z,ADA,2025-04-03T02:21:28.368Z
Esteban Montiel,Individual founding member,,2024-08-14T14:50:24.701Z,Fiat,2025-04-04T20:14:23.244Z
Rafael Cardoso,Individual founding member,,2024-07-27T17:11:25.007Z,ADA,2025-04-06T22:41:10.980Z
Dmitry Shibaev,Enterprise Member,admin,2024-12-17T09:29:46.779Z,ADA,2025-04-09T12:14:50.153Z
Tegegne Tefera,Individual founding member,,2024-05-31T06:41:14.068Z,,2025-04-11T02:07:46.076Z
David Tacuri,Individual founding member,,2024-08-01T19:17:57.359Z,Fiat,2025-04-11T04:16:46.098Z
Carlos Lopez De Lara,Individual founding member,,2024-08-28T20:43:13.983Z,ADA,2025-04-11T07:34:23.594Z
