candidate_name,membership_type,role,membership_buy_date,payment_method,application_submission_date
Rodrigo Enmanuel  González Alonso ,Individual Member,,2025-03-27T00:40:00.320Z,Fiat,2025-03-30T23:36:36.581Z
Pamela Johnson,Individual Member,,2025-03-24T22:28:37.358Z,Fiat,2025-03-31T02:21:13.061Z
Christopher Pokoo-Aikins,Individual founding member,,2024-05-31T06:25:52.663Z,,2025-04-03T06:24:32.176Z
Will Shelton,Individual founding member,,2024-08-28T13:04:30.778Z,Fiat,2025-04-04T01:30:53.580Z
Esteban Montiel,Individual founding member,,2024-08-14T14:50:24.701Z,Fiat,2025-04-04T20:02:01.731Z
Charles D'Angelo,Individual founding member,,2024-09-18T00:36:24.693Z,ADA,2025-04-05T11:35:54.816Z
Rajitha Wickramasinghe,Individual founding member,,2024-06-21T09:03:19.762Z,,2025-04-08T03:26:21.139Z
Marlon Daley,Individual founding member,,2024-09-23T22:21:54.369Z,Fiat,2025-04-08T19:39:04.455Z
Dmitry Shibaev,Enterprise Member,admin,2024-12-17T09:29:46.779Z,ADA,2025-04-09T09:49:16.299Z
Chad Shue,Individual founding member,,2024-05-31T13:36:02.447Z,,2025-04-09T13:29:34.576Z
Rita Mistry Spada,Individual Member,,2025-02-24T19:37:41.136Z,Fiat,2025-04-09T15:39:31.553Z
Matthias Traussnig,Enterprise Member,admin,2025-04-04T07:20:48.352Z,Fiat,2025-04-10T19:28:32.934Z
Sean Malik,Individual founding member,,2024-08-16T17:21:50.255Z,Fiat,2025-04-10T20:54:29.453Z
Nikhil Joshi,Individual Member,,2025-04-11T00:39:26.141Z,Fiat,2025-04-11T01:37:18.729Z
Megan Hess,Enterprise founding member,member,2024-08-30T21:46:00.735Z,Fiat,2025-04-11T06:47:50.180Z
Kriss Baird,Individual Member,,2025-04-10T15:58:40.460Z,Fiat,2025-04-11T11:06:33.587Z
