candidate_name,membership_type,role,membership_buy_date,payment_method,application_submission_date
Agustin Franchella,Individual founding member,,2024-05-30T16:04:02.520Z,,2025-03-24T18:23:02.577Z
Darma Wardhana,Individual founding member,,2024-08-26T05:31:28.647Z,ADA,2025-03-25T04:51:23.783Z
Andy Hung,Individual Member,,2024-10-11T14:47:23.558Z,Fiat,2025-03-25T12:34:38.680Z
Tim Harrison,Individual founding member,,2024-08-23T10:06:13.251Z,Fiat,2025-03-25T16:46:27.272Z
Maximiliano Ferri,Individual founding member,,2024-09-06T11:44:37.882Z,Fiat,2025-03-26T17:06:34.993Z
Gintama S,Individual founding member,,2024-07-26T17:31:52.869Z,ADA,2025-03-27T05:19:38.106Z
Caleb Montiel,Individual founding member,,2024-06-28T21:54:40.748Z,ADA,2025-03-28T21:40:05.432Z
Juliette Shelton,Individual Member,,2025-03-26T21:02:16.800Z,Fiat,2025-03-29T17:46:57.343Z
Jose Iadicicco,Individual founding member,,2024-05-31T23:45:31.578Z,,2025-03-29T22:54:56.193Z
Sabrina Liu,Individual founding member,,2024-09-26T16:49:21.443Z,Fiat,2025-03-30T01:25:06.002Z
Lucas Emmanuel Cariddi,Individual founding member,,2024-08-29T16:04:03.761Z,ADA,2025-04-01T18:29:41.319Z
Will Shelton,Individual founding member,,2024-08-28T13:04:30.778Z,Fiat,2025-04-02T16:26:50.191Z
Simon Fleck,Individual founding member,,2024-08-30T18:07:07.605Z,ADA,2025-04-02T23:37:05.132Z
David Talbot,Individual Member,,2025-03-25T19:39:58.188Z,ADA,2025-04-03T14:26:34.838Z
Donbosco Otunga,Individual Member,,2025-04-03T14:53:42.392Z,Fiat,2025-04-03T15:45:24.232Z
Esteban Montiel,Individual founding member,,2024-08-14T14:50:24.701Z,Fiat,2025-04-04T19:35:38.542Z
katsuhisa sato,Individual founding member,,2024-07-23T10:08:09.368Z,Fiat,2025-04-09T17:20:06.391Z
Otávio Lima / Cardano Feed,Individual founding member,,2024-06-01T14:06:45.677Z,,2025-04-09T19:45:26.947Z
Herine Omollo,Individual founding member,,2024-09-26T10:07:43.036Z,ADA,2025-04-09T21:46:23.775Z
Anuj Chaudhary,Individual founding member,,2024-06-10T08:58:16.980Z,,2025-04-10T08:46:33.961Z
Laura Mattiucci,Individual Member,,2025-03-28T13:17:05.812Z,Fiat,2025-04-10T13:12:29.238Z
Angelo Cushman,Enterprise Member,admin,2024-09-27T17:58:00.600Z,Fiat,2025-04-10T14:08:08.638Z
Fred Tanaka,Individual Member,,2025-02-03T09:43:16.481Z,Fiat,2025-04-10T16:47:48.601Z
hasitha raymond,Individual founding member,,2024-06-20T14:40:32.041Z,,2025-04-10T19:03:22.774Z
David Orr,Individual founding member,,2024-08-19T16:49:11.182Z,Fiat,2025-04-10T20:18:08.463Z
Diana Vargas,Individual Member,,2025-04-06T10:25:46.490Z,Fiat,2025-04-11T11:50:58.464Z
