candidate_name,membership_type,role,membership_buy_date,payment_method,application_submission_date
Jose Velazquez,Individual founding member,,2024-07-17T02:07:53.966Z,Fiat,2025-03-27T00:48:57.843Z
Rodrigo Enmanuel  González Alonso ,Individual Member,,2025-03-27T00:40:00.320Z,Fiat,2025-03-27T01:48:01.229Z
Gintama S,Individual founding member,,2024-07-26T17:31:52.869Z,ADA,2025-03-27T05:34:47.551Z
Ken Erik Ølmheim,Individual founding member,,2024-05-30T21:02:55.743Z,,2025-03-31T00:18:31.185Z
Nana Safo,Individual founding member,,2024-09-19T08:23:45.900Z,Fiat,2025-04-02T07:02:09.018Z
Will Shelton,Individual founding member,,2024-08-28T13:04:30.778Z,Fiat,2025-04-02T16:43:56.924Z
Aleksei Seregin,Individual founding member,,2024-07-25T13:00:00.338Z,ADA,2025-04-03T02:48:15.721Z
Randy -,Individual founding member,,2024-09-26T11:03:26.936Z,Fiat,2025-04-05T14:51:41.829Z
Nathaniel Dwamena,Individual founding member,,2024-08-10T13:55:16.226Z,Fiat,2025-04-06T22:39:42.141Z
Minh Bui,Individual founding member,,2024-07-25T13:23:51.719Z,ADA,2025-04-09T12:30:51.741Z
Joseph Mermoz  Dzubang ,Individual Member,,2025-01-21T19:06:05.607Z,Fiat,2025-04-09T23:35:17.394Z
Nicolas Cerny,Individual founding member,,2024-06-04T08:56:23.841Z,,2025-04-10T13:46:17.546Z
AURELIEN ROCHER,Individual Member,,2025-04-09T21:11:11.447Z,Fiat,2025-04-10T22:00:10.343Z
