candidate_name,membership_type,role,membership_buy_date,payment_method,application_submission_date
Jose Velazquez,Individual founding member,,2024-07-17T02:07:53.966Z,Fiat,2025-03-27T20:33:39.379Z
Aleksei Seregin,Individual founding member,,2024-07-25T13:00:00.338Z,ADA,2025-04-03T02:35:52.488Z
Mubarak Oladimeji,Individual founding member,,2024-09-11T16:38:22.994Z,ADA,2025-04-05T19:44:25.159Z
Fred Tanaka,Individual Member,,2025-02-03T09:43:16.481Z,Fiat,2025-04-07T15:58:23.137Z
jonah koch,Individual founding member,,2024-05-30T23:45:44.515Z,,2025-04-10T02:20:33.971Z
Andy Hung,Individual Member,,2024-10-11T14:47:23.558Z,Fiat,2025-04-10T04:28:28.181Z
Kenric Nelson,Enterprise founding member,admin,2024-08-30T21:46:00.735Z,Fiat,2025-04-10T16:29:21.161Z
Sean Malik,Individual founding member,,2024-08-16T17:21:50.255Z,Fiat,2025-04-10T20:59:04.652Z
Fred Parody,Individual Member,,2025-04-08T06:10:54.841Z,ADA,2025-04-11T00:01:00.051Z
Sheldon Hunt,Individual founding member,,2024-07-25T11:26:52.680Z,ADA,2025-04-11T04:03:56.280Z
HOSKY TBD,Individual founding member,,2024-05-30T15:10:27.166Z,,2025-04-11T05:15:08.031Z
