candidate_name,membership_type,role,membership_buy_date,payment_method,application_submission_date
Philip Disarro,Individual Member,,2025-03-24T19:28:28.072Z,Fiat,2025-03-25T13:59:05.504Z
Dan Baruka,Individual founding member,,2024-08-02T19:37:03.329Z,ADA,2025-03-29T16:55:55.749Z
Georg Link,Enterprise founding member,admin,2024-09-11T11:32:54.758Z,ADA,2025-04-01T18:29:06.275Z
Arnaud Bailly,Individual Member,,2025-04-04T06:20:09.938Z,Fiat,2025-04-05T14:29:03.061Z
Sander Gortjes,Enterprise Member,admin,2025-02-05T06:22:55.916Z,Fiat,2025-04-07T16:06:57.275Z
Emmanuel Titi,Individual Member,,2025-03-11T19:47:36.001Z,ADA,2025-04-08T08:50:09.161Z
Javier Acosta,Individual Member,,2025-02-15T17:14:50.546Z,Fiat,2025-04-10T00:10:24.844Z
David Tacuri,Individual founding member,,2024-08-01T19:17:57.359Z,Fiat,2025-04-11T04:32:36.671Z
Niels Mündler,Individual Member,,2025-04-09T07:40:56.256Z,ADA,2025-04-11T09:19:45.972Z
Kambale Mechack,Individual Member,,2025-04-11T09:19:27.356Z,ADA,2025-04-11T09:43:52.612Z
Elaine Cardenas,Individual Member,,2025-02-23T08:20:24.112Z,Fiat,2025-04-11T09:59:31.563Z
Bernard Sibanda,Enterprise founding member,admin,2024-08-23T21:03:31.995Z,ADA,2025-04-11T11:47:57.511Z
